Date,Rainfall(mm),River Level(m),Flood Occurrence
2019-01-01,110,4.2,1
2019-01-02,45,4.5,0
2019-01-03,67,5.0,1
2019-01-04,89,4.8,0
2019-01-05,123,5.2,1
2019-01-06,76,5.0,0
2019-01-07,90,5.3,1
2019-01-08,55,5.1,0
2019-01-09,101,5.6,1
2019-01-10,47,5.7,0
2019-01-11,138,5.4,1
2019-01-12,124,5.8,0
2019-01-13,39,5.9,1
2019-01-14,28,5.3,0
2019-01-15,116,5.1,1
2019-01-16,75,5.7,0
2019-01-17,59,5.8,1
2019-01-18,67,5.2,0
2019-01-19,112,5.5,1
2019-01-20,68,5.3,0
2019-01-21,43,5.0,1
2019-01-22,53,4.9,0
2019-01-23,88,5.2,1
2019-01-24,91,5.3,0
2019-01-25,69,5.1,1
2019-01-26,130,5.4,0
2019-01-27,73,5.6,1
2019-01-28,49,5.5,0
2019-01-29,92,5.8,1
2019-01-30,110,5.9,0
2019-01-31,105,5.7,1
2019-02-01,64,5.9,0
2019-02-02,112,6.2,1
2019-02-03,50,6.3,0
2019-02-04,93,6.1,1
2019-02-05,78,6.5,0
2019-02-06,33,6.3,1
2019-02-07,61,6.0,0
2019-02-08,40,6.2,1
2019-02-09,100,6.4,0
2019-02-10,21,6.1,1
2019-02-11,121,6.5,0
2019-02-12,75,6.3,1
2019-02-13,67,6.2,0
2019-02-14,130,6.0,1
2019-02-15,119,6.2,0
2019-02-16,93,6.5,1
2019-02-17,58,6.7,0
2019-02-18,102,6.6,1
2019-02-19,44,6.8,0
2019-02-20,133,7.1,1
2019-02-21,126,6.9,0
2019-02-22,92,7.0,1
2019-02-23,55,6.8,0
2019-02-24,70,6.7,1
2019-02-25,59,6.5,0
2019-02-26,84,6.6,1
2019-02-27,72,6.8,0
2019-02-28,112,7.0,1
2019-03-01,96,7.2,0
2019-03-02,65,7.1,1
2019-03-03,120,7.3,0
2019-03-04,36,7.5,1
2019-03-05,56,7.4,0
2019-03-06,127,7.6,1
2019-03-07,108,7.5,0
2019-03-08,91,7.7,1
2019-03-09,110,7.8,0
2019-03-10,120,8.0,1
2019-03-11,78,8.1,0
2019-03-12,55,8.2,1
2019-03-13,118,8.3,0
2019-03-14,102,8.5,1
2019-03-15,66,7.8,0
2019-03-16,127,8.1,1
2019-03-17,80,7.3,0
2019-03-18,59,8.4,1
2019-03-19,47,8.0,0
2019-03-20,89,7.6,1
2019-03-21,93,7.9,0
2019-03-22,107,8.2,1
2019-03-23,67,8.6,0
2019-03-24,52,7.5,1
2019-03-25,85,8.1,0
2019-03-26,101,7.9,1
2019-03-27,56,7.8,0
2019-03-28,115,8.0,1
2019-03-29,109,8.4,0
2019-03-30,102,8.2,1
2019-03-31,76,8.5,0
2019-04-01,108,8.0,1
2019-04-02,42,8.2,0
2019-04-03,110,7.7,1
2019-04-04,94,8.1,0
2019-04-05,118,8.3,1
2019-04-06,55,7.8,0
2019-04-07,85,8.0,1
2019-04-08,40,8.5,0
2019-04-09,62,7.9,1
2019-04-10,121,8.2,0
2019-04-11,106,8.1,1
2019-04-12,44,8.4,0
2019-04-13,103,7.7,1
2019-04-14,57,8.2,0
2019-04-15,76,7.6,1
2019-04-16,51,8.0,0
2019-04-17,119,8.3,1
2019-04-18,91,7.8,0
2019-04-19,71,8.1,1
2019-04-20,66,8.0,0
2019-04-21,40,7.9,1
2019-04-22,90,8.2,0
2019-04-23,109,8.3,1
2019-04-24,112,7.6,0
2019-04-25,82,8.0,1
2019-04-26,120,8.1,0
2019-04-27,79,7.8,1
2019-04-28,43,8.2,0
2019-04-29,58,8.0,1
2019-04-30,100,7.9,0
2019-05-01,104,8.3,1
2019-05-02,56,7.6,0
2019-05-03,98,8.1,1
2019-05-04,83,8.0,0
2019-05-05,44,7.7,1
2019-05-06,120,8.2,0
2019-05-07,116,8.3,1
2019-05-08,75,7.9,0
2019-05-09,94,8.1,1
2019-05-10,64,7.8,0
2019-05-11,62,8.0,1
2019-05-12,116,8.2,0
2019-05-13,111,8.3,1
2019-05-14,68,7.7,0
2019-05-15,105,8.0,1
2019-05-16,123,8.1,0
2019-05-17,58,7.9,1
2019-05-18,72,8.2,0
2019-05-19,97,8.4,1
2019-05-20,60,8.1,0
2019-05-21,88,7.8,1
2019-05-22,115,7.9,0
2019-05-23,48,8.3,1
2019-05-24,96,7.6,0
2019-05-25,105,8.1,1
2019-05-26,90,7.8,0
2019-05-27,119,8.0,1
2019-05-28,75,8.4,0
2019-05-29,107,7.9,1
2019-05-30,49,8.1,0
2019-05-31,122,8.2,1
2019-06-01,92,8.3,0
2019-06-02,77,7.6,1
2019-06-03,110,8.1,0
2019-06-04,55,7.7,1
2019-06-05,61,8.2,0
2019-06-06,113,7.8,1
2019-06-07,88,8.4,0
2019-06-08,75,8.0,1
2019-06-09,116,7.9,0
2019-06-10,48,8.2,1
2019-06-11,91,8.1,0
2019-06-12,102,7.8,1
2019-06-13,107,8.3,0
2019-06-14,41,8.0,1
2019-06-15,84,8.2,0
2019-06-16,79,7.9,1
2019-06-17,125,8.1,0
2019-06-18,99,8.3,1
2019-06-19,118,7.8,0
2019-06-20,121,8.4,1
2019-06-21,59,8.0,0
2019-06-22,92,8.2,1
2019-06-23,64,7.9,0
2019-06-24,45,8.1,1
2019-06-25,110,8.3,0
2019-06-26,79,7.8,1
2019-06-27,98,8.0,0
2019-06-28,112,8.2,1
2019-06-29,63,8.1,0
2019-06-30,97,7.9,1
2019-07-01,65,8.3,0
2019-07-02,104,7.6,1
2019-07-03,92,8.1,0
2019-07-04,45,7.7,1
2019-07-05,76,8.0,0
2019-07-06,56,8.4,1
2019-07-07,120,8.1,0
2019-07-08,65,8.2,1
2019-07-09,107,7.8,0
2019-07-10,116,8.0,1
2019-07-11,99,8.3,0
2019-07-12,48,7.9,1
2019-07-13,83,8.4,0
2019-07-14,90,8.1,1
2019-07-15,105,7.8,0
2019-07-16,56,8.0,1
2019-07-17,71,8.3,0
2019-07-18,108,8.2,1
2019-07-19,121,7.9,0
2019-07-20,92,8.1,1
2019-07-21,66,8.4,0
2019-07-22,103,8.0,1
2019-07-23,89,7.8,0
2019-07-24,76,8.3,1
2019-07-25,104,8.1,0
2019-07-26,59,7.6,1
2019-07-27,124,8.2,0
2019-07-28,47,8.4,1
2019-07-29,91,8.0,0
2019-07-30,72,8.1,1
2019-07-31,98,7.9,0
2019-08-01,86,8.2,1
2019-08-02,104,7.9,0
2019-08-03,79,8.4,1
2019-08-04,67,8.0,0
2019-08-05,102,7.8,1
2019-08-06,58,8.2,0
2019-08-07,55,7.6,1
2019-08-08,124,8.1,0
2019-08-09,99,7.7,1
2019-08-10,107,8.3,0
2019-08-11,84,8.0,1
2019-08-12,108,8.2,0
2019-08-13,93,8.4,1
2019-08-14,81,7.9,0
2019-08-15,92,8.3,1
2019-08-16,112,8.1,0
2019-08-17,60,7.6,1
2019-08-18,74,8.0,0
2019-08-19,120,8.2,1
2019-08-20,106,8.3,0
2019-08-21,71,7.8,1
2019-08-22,85,8.1,0
2019-08-23,110,7.9,1
2019-08-24,44,8.0,0
2019-08-25,119,8.2,1
2019-08-26,100,8.3,0
2019-08-27,57,8.1,1
2019-08-28,95,7.8,0
2019-08-29,113,7.6,1
2019-08-30,105,8.2,0
2019-08-31,74,7.9,1
2019-09-01,69,8.3,0
2019-09-02,116,8.1,1
2019-09-03,106,7.6,0
2019-09-04,85,8.0,1
2019-09-05,40,8.4,0
2019-09-06,110,7.9,1
2019-09-07,76,8.3,0
2019-09-08,104,8.1,1
2019-09-09,94,7.8,0
2019-09-10,99,8.2,1
2019-09-11,108,8.3,0
2019-09-12,45,7.7,1
2019-09-13,98,8.0,0
2019-09-14,113,8.4,1
2019-09-15,75,8.2,0
2019-09-16,91,7.9,1
2019-09-17,89,8.1,0
2019-09-18,126,8.0,1
2019-09-19,113,7.8,0
2019-09-20,110,8.3,1
2019-09-21,52,7.9,0
2019-09-22,103,8.4,1
2019-09-23,97,7.7,0
2019-09-24,61,8.1,1
2019-09-25,118,7.8,0
2019-09-26,44,8.2,1
2019-09-27,60,8.3,0
2019-09-28,109,8.0,1
2019-09-29,112,7.9,0
2019-09-30,80,8.1,1
2019-10-01,101,8.2,0
2019-10-02,124,7.7,1
2019-10-03,57,8.0,0
2019-10-04,104,8.3,1
2019-10-05,78,8.1,0
2019-10-06,115,7.9,1
2019-10-07,66,8.2,0
2019-10-08,103,8.0,1
2019-10-09,107,7.8,0
2019-10-10,54,8.3,1
2019-10-11,89,7.9,0
2019-10-12,124,8.2,1
2019-10-13,95,8.1,0
2019-10-14,63,8.3,1
2019-10-15,108,7.7,0
2019-10-16,66,8.0,1
2019-10-17,82,8.1,0
2019-10-18,110,8.4,1
2019-10-19,58,7.8,0
2019-10-20,105,8.2,1
2019-10-21,95,7.9,0
2019-10-22,100,8.1,1
2019-10-23,69,8.3,0
2019-10-24,113,7.6,1
2019-10-25,70,8.4,0
2019-10-26,112,8.2,1
2019-10-27,110,8.1,0
2019-10-28,79,7.8,1
2019-10-29,88,8.3,0
2019-10-30,45,8.0,1
2019-10-31,82,8.4,0
2019-11-01,99,8.1,1
2019-11-02,63,8.3,0
2019-11-03,122,8.0,1
2019-11-04,115,7.8,0
2019-11-05,98,8.2,1
2019-11-06,66,8.1,0
2019-11-07,108,8.3,1
2019-11-08,113,7.9,0
2019-11-09,77,8.4,1
2019-11-10,40,8.2,0
2019-11-11,124,7.8,1
2019-11-12,95,8.3,0
2019-11-13,61,8.0,1
2019-11-14,113,7.6,0
2019-11-15,82,8.2,1
2019-11-16,104,8.4,0
2019-11-17,55,8.1,1
2019-11-18,107,7.9,0
2019-11-19,115,8.3,1
2019-11-20,88,8.0,0
2019-11-21,72,8.2,1
2019-11-22,108,7.8,0
2019-11-23,79,8.1,1
2019-11-24,101,8.3,0
2019-11-25,109,7.9,1
2019-11-26,120,8.0,0
2019-11-27,80,8.2,1
2019-11-28,54,8.4,0
2019-11-29,118,7.8,1
2019-11-30,66,8.3,0
2019-12-01,112,8.0,1
2019-12-02,56,8.2,0
2019-12-03,78,7.7,1
2019-12-04,101,8.1,0
2019-12-05,109,8.3,1
2019-12-06,111,7.8,0
2019-12-07,95,8.2,1
2019-12-08,102,8.4,0
2019-12-09,87,8.0,1
2019-12-10,75,7.9,0
2019-12-11,64,8.1,1
2019-12-12,81,8.3,0
2019-12-13,115,7.8,1
2019-12-14,67,8.2,0
2019-12-15,100,8.1,1
2019-12-16,108,8.4,0
2019-12-17,104,7.9,1
2019-12-18,87,8.2,0
2019-12-19,92,7.8,1
2019-12-20,120,8.0,0
2019-12-21,116,8.3,1
2019-12-22,110,8.2,0
2019-12-23,78,7.9,1
2019-12-24,109,8.4,0
2019-12-25,92,8.1,1
2019-12-26,102,7.6,0
2019-12-27,63,8.3,1
2019-12-28,109,8.2,0
2019-12-29,110,7.9,1
2019-12-30,65,8.1,0
2019-12-31,77,8.0,1
2020-01-17,75,7.3,1
2020-01-18,87,6.5,0
2020-01-19,64,7.1,1
2020-01-20,92,5.9,0
2020-01-21,70,7.0,1
2020-01-22,89,6.4,0
2020-01-23,78,6.2,1
2020-01-24,83,5.5,0
2020-01-25,56,7.3,1
2020-01-26,105,6.6,0
2020-01-27,74,5.8,1
2020-01-28,66,6.9,0
2020-01-29,85,5.7,1
2020-01-30,98,6.0,0
2020-01-31,72,7.1,1
2020-02-01,89,6.2,0
2020-02-02,62,7.0,1
2020-02-03,97,5.4,0
2020-02-04,68,6.8,1
2020-02-05,74,6.7,0
2020-02-06,85,6.1,1
2020-02-07,108,5.9,0
2020-02-08,92,7.2,1
2020-02-09,63,6.3,0
2020-02-10,88,6.5,1
2020-02-11,70,7.0,0
2020-02-12,76,6.4,1
2020-02-13,94,6.8,0
2020-02-14,69,7.4,1
2020-02-15,87,6.6,0
2020-02-16,71,7.0,1
2020-02-17,100,6.2,0
2020-02-18,66,5.8,1
2020-02-19,80,7.3,0
2020-02-20,93,6.9,1
2020-02-21,85,6.0,0
2020-02-22,78,6.5,1
2020-02-23,59,7.1,0
2020-02-24,109,6.3,1
2020-02-25,70,6.7,0
2020-02-26,77,5.8,1
2020-02-27,84,6.2,0
2020-02-28,102,7.2,1
2020-02-29,68,6.4,0
2020-03-01,90,7.1,1
2020-03-02,72,6.6,0
2020-03-03,105,5.9,1
2020-03-04,66,6.8,0
2020-03-05,75,7.0,1
2020-03-06,88,6.3,0
2020-03-07,60,7.4,1
2020-03-08,99,6.5,0
2020-03-09,78,6.1,1
2020-03-10,83,7.0,0
2020-03-11,62,6.3,1
2020-03-12,104,5.8,0
2020-03-13,71,7.2,1
2020-03-14,68,6.7,0
2020-03-15,86,5.9,1
2020-03-16,91,6.4,0
2020-03-17,72,7.0,1
2020-03-18,99,6.2,0
2020-03-19,68,7.1,1
2020-03-20,87,6.8,0
2020-03-21,65,5.8,1
2020-03-22,100,6.4,0
2020-03-23,75,7.2,1
2020-03-24,79,6.6,0
2020-03-25,62,6.3,1
2020-03-26,108,5.7,0
2020-03-27,70,7.1,1
2020-03-28,88,6.4,0
2020-03-29,74,7.0,1
2020-03-30,90,6.2,0
2020-03-31,77,7.3,1
2020-04-01,95,6.7,0
2020-04-02,67,6.4,1
2020-04-03,84,6.9,0
2020-04-04,102,7.0,1
2020-04-05,71,5.9,0
2020-04-06,76,7.1,1
2020-04-07,89,6.3,0
2020-04-08,63,6.7,1
2020-04-09,100,7.2,0
2020-04-10,78,6.1,1
2020-04-11,83,6.4,0
2020-04-12,66,7.0,1
2020-04-13,104,5.8,0
2020-04-14,73,6.3,1
2020-04-15,81,7.0,0
2020-04-16,69,6.8,1
2020-04-17,95,5.9,0
2020-04-18,74,7.3,1
2020-04-19,89,6.4,0
2020-04-20,62,6.8,1
2020-04-21,100,7.1,0
2020-04-22,77,6.2,1
2020-04-23,68,6.0,0
2020-04-24,92,7.4,1
2020-04-25,86,6.7,0
2020-04-26,103,7.0,1
2020-04-27,78,6.2,0
2020-04-28,72,7.2,1
2020-04-29,88,6.9,0
2020-04-30,65,7.4,1
2020-05-01,94,6.8,0
2020-05-02,70,6.1,1
2020-05-03,81,7.0,0
2020-05-04,68,6.7,1
2020-05-05,104,6.2,0
2020-05-06,72,7.1,1
2020-05-07,95,6.5,0
2020-05-08,64,7.2,1
2020-05-09,78,6.3,0
2020-05-10,89,6.8,1
2020-05-11,66,7.4,0
2020-05-12,100,6.7,1
2020-05-13,74,7.0,0
2020-05-14,86,6.4,1
2020-05-15,62,6.9,0
2020-05-16,104,7.1,1
2020-05-17,80,6.3,0
2020-05-18,75,6.5,1
2020-05-19,67,7.3,0
2020-05-20,98,6.2,1
2020-05-21,72,6.9,0
2020-05-22,89,7.4,1
2020-05-23,60,6.7,0
2020-05-24,100,7.0,1
2020-05-25,79,6.5,0
2020-05-26,66,7.2,1
2020-05-27,92,6.3,0
2020-05-28,88,7.1,1
2020-05-29,74,6.4,0
2020-05-30,84,7.0,1
2020-05-31,69,6.2,0
2020-06-01,90,7.4,1
2020-06-02,63,6.9,0
2020-06-03,100,7.0,1
2020-06-04,80,7.2,0
2020-06-05,68,6.7,1
2020-06-06,97,7.3,0
2020-06-07,72,6.4,1
2020-06-08,104,7.1,0
2020-06-09,74,6.5,1
2020-06-10,81,7.2,0
2020-06-11,66,6.3,1
2020-06-12,95,7.0,0
2020-06-13,78,6.8,1
2020-06-14,84,7.3,0
2020-06-15,63,6.9,1
2020-06-16,100,7.4,0
2020-06-17,77,6.2,1
2020-06-18,69,7.1,0
2020-06-19,92,6.4,1
2020-06-20,87,6.9,0
2020-06-21,104,7.3,1
2020-06-22,75,6.2,0
2020-06-23,68,7.1,1
2020-06-24,84,7.0,0
2020-06-25,90,6.5,1
2020-06-26,67,6.7,0
2020-06-27,96,7.3,1
2020-06-28,74,6.6,0
2020-06-29,85,7.2,1
2020-06-30,64,6.9,0
2020-07-01,94,7.4,1
2020-07-02,72,6.8,0
2020-07-03,102,7.2,1
2020-07-04,67,7.0,0
2020-07-05,95,7.3,1
2020-07-06,75,6.4,0
2020-07-07,88,7.1,1
2020-07-08,60,6.9,0
2020-07-09,100,7.4,1
2020-07-10,82,6.5,0
2020-07-11,68,7.2,1
2020-07-12,89,6.7,0
2020-07-13,76,7.0,1
2020-07-14,104,6.3,0
2020-07-15,74,7.1,1
2020-07-16,78,6.2,0
2020-07-17,63,7.4,1
2020-07-18,95,6.5,0
2020-07-19,89,7.0,1
2020-07-20,70,7.2,0
2020-07-21,84,6.6,1
2020-07-22,100,7.1,0
2020-07-23,60,7.0,1
2020-07-24,103,7.3,0
2020-07-25,74,6.5,1
2020-07-26,81,7.2,0
2020-07-27,66,6.7,1
2020-07-28,104,7.3,0
2020-07-29,67,6.3,1
2020-07-30,86,7.1,0
2020-07-31,75,6.9,1
2020-08-01,95,7.2,0
2020-08-02,69,6.4,1
2020-08-03,102,7.1,0
2020-08-04,72,6.3,1
2020-08-05,90,7.0,0
2020-08-06,80,6.8,1
2020-08-07,68,7.3,0
2020-08-08,100,6.9,1
2020-08-09,88,7.1,0
2020-08-10,66,6.7,1
2020-08-11,89,7.0,0
2020-08-12,74,6.5,1
2020-08-13,81,7.2,0
2020-08-14,76,6.4,1
2020-08-15,98,7.0,0
2020-08-16,63,6.8,1
2020-08-17,95,7.3,0
2020-08-18,75,6.6,1
2020-08-19,89,7.2,0
2020-08-20,70,6.9,1
2020-08-21,62,7.1,0
2020-08-22,87,6.5,1
2020-08-23,76,7.3,0
2020-08-24,90,6.6,1
2020-08-25,80,7.0,0
2020-08-26,104,7.2,1
2020-08-27,72,6.8,0
2020-08-28,68,7.3,1
2020-08-29,92,6.9,0
2020-08-30,75,7.0,1
2020-08-31,89,6.7,0
2020-09-01,60,7.1,1
2020-09-02,100,6.8,0
2020-09-03,77,7.3,1
2020-09-04,66,6.6,0
2020-09-05,84,7.0,1
2020-09-06,94,6.5,0
2020-09-07,67,7.2,1
2020-09-08,81,6.9,0
2020-09-09,73,7.3,1
2020-09-10,108,6.4,0
2020-09-11,74,7.0,1
2020-09-12,69,6.3,0
2020-09-13,88,7.1,1
2020-09-14,63,6.8,0
2020-09-15,95,7.2,1
2020-09-16,82,6.5,0
2020-09-17,71,7.0,1
2020-09-18,104,6.6,0
2020-09-19,60,7.3,1
2020-09-20,103,6.7,0
2020-09-21,77,7.1,1
2020-09-22,64,6.5,0
2020-09-23,94,7.0,1
2020-09-24,75,7.2,0
2020-09-25,89,6.8,1
2020-09-26,70,7.3,0
2020-09-27,102,6.9,1
2020-09-28,66,7.1,0
2020-09-29,84,6.5,1
2020-09-30,79,7.2,0
2020-10-01,87,6.7,1
2020-10-02,62,7.0,0
2020-10-03,100,6.6,1
2020-10-04,78,7.1,0
2020-10-05,65,6.3,1
2020-10-06,90,7.2,0
2020-10-07,76,6.8,1
2020-10-08,104,7.0,0
2020-10-09,74,6.7,1
2020-10-10,81,7.3,0
2020-10-11,63,6.5,1
2020-10-12,94,7.2,0
2020-10-13,70,6.9,1
2020-10-14,86,7.1,0
2020-10-15,72,6.6,1
2020-10-16,98,7.0,0
2020-10-17,64,6.8,1
2020-10-18,95,7.2,0
2020-10-19,77,6.9,1
2020-10-20,89,7.3,0
2020-10-21,75,6.5,1
2020-10-22,100,7.0,0
2020-10-23,62,6.8,1
2020-10-24,103,7.1,0
2020-10-25,68,6.4,1
2020-10-26,84,7.3,0
2020-10-27,71,6.7,1
2020-10-28,94,7.1,0
2020-10-29,78,6.5,1
2020-10-30,87,7.2,0
2020-10-31,60,6.9,1
2020-11-01,102,7.3,0
2020-11-02,66,6.4,1
2020-11-03,90,7.0,0
2020-11-04,82,6.6,1
2020-11-05,68,7.1,0
2020-11-06,95,6.9,1
2020-11-07,74,7.3,0
2020-11-08,108,6.7,1
2020-11-09,63,7.1,0
2020-11-10,94,6.5,1
2020-11-11,72,7.0,0
2020-11-12,89,6.8,1
2020-11-13,67,7.2,0
2020-11-14,100,6.6,1
2020-11-15,79,7.1,0
2020-11-16,81,6.4,1
2020-11-17,65,7.3,0
2020-11-18,103,6.8,1
2020-11-19,75,7.0,0
2020-11-20,90,6.5,1
2020-11-21,60,7.1,0
2020-11-22,102,6.7,1
2020-11-23,76,7.2,0
2020-11-24,84,6.9,1
2020-11-25,68,7.3,0
2020-11-26,94,6.4,1
2020-11-27,77,7.0,0
2020-11-28,86,6.5,1
2020-11-29,62,7.1,0
2020-11-30,100,6.7,1
2020-12-01,74,7.0,0
2020-12-02,89,6.9,1
2020-12-03,67,7.1,0
2020-12-04,95,6.8,1
2020-12-05,81,7.3,0
2020-12-06,90,6.4,1
2020-12-07,72,7.0,0
2020-12-08,104,6.6,1
2020-12-09,65,7.2,0
2020-12-10,94,6.7,1
2020-12-11,69,7.1,0
2020-12-12,87,6.5,1
2020-12-13,63,7.3,0
2020-12-14,100,6.8,1
2020-12-15,77,7.0,0
2020-12-16,84,6.9,1
2020-12-17,68,7.2,0
2020-12-18,102,6.4,1
2020-12-19,75,7.1,0
2020-12-20,92,6.6,1
2020-12-21,64,7.0,0
2020-12-22,95,6.8,1
2020-12-23,78,7.3,0
2020-12-24,89,6.5,1
2020-12-25,70,7.0,0
2020-12-26,108,6.7,1
2020-12-27,63,7.1,0
2020-12-28,97,6.9,1
2020-12-29,76,7.0,0
2020-12-30,86,6.6,1
2020-12-31,72,7.2,0
2021-01-01,85,3.5,1
2021-01-02,64,4.2,0
2021-01-03,102,2.9,1
2021-01-04,78,5.1,0
2021-01-05,89,3.3,1
2021-01-06,70,4.5,0
2021-01-07,90,6.0,1
2021-01-08,81,2.8,0
2021-01-09,66,4.7,1
2021-01-10,104,5.2,0
2021-01-11,72,3.4,1
2021-01-12,95,6.3,0
2021-01-13,64,5.5,1
2021-01-14,87,2.1,0
2021-01-15,75,4.6,1
2021-01-16,102,3.0,0
2021-01-17,60,4.8,1
2021-01-18,97,2.5,0
2021-01-19,68,5.3,1
2021-01-20,89,3.7,0
2021-01-21,63,4.1,1
2021-01-22,100,2.4,0
2021-01-23,79,5.6,1
2021-01-24,86,3.2,0
2021-01-25,67,4.9,1
2021-01-26,104,5.0,0
2021-01-27,74,6.1,1
2021-01-28,90,2.6,0
2021-01-29,62,5.2,1
2021-01-30,98,3.8,0
2021-01-31,77,6.3,1
2021-02-01,83,4.3,0
2021-02-02,64,2.7,1
2021-02-03,105,5.7,0
2021-02-04,80,6.0,1
2021-02-05,92,3.4,0
2021-02-06,66,4.5,1
2021-02-07,103,3.9,0
2021-02-08,71,5.1,1
2021-02-09,87,4.8,0
2021-02-10,69,2.9,1
2021-02-11,102,6.2,0
2021-02-12,76,5.3,1
2021-02-13,84,3.5,0
2021-02-14,68,4.0,1
2021-02-15,108,5.5,0
2021-02-16,63,3.6,1
2021-02-17,95,4.7,0
2021-02-18,74,6.1,1
2021-02-19,90,2.8,0
2021-02-20,60,5.0,1
2021-02-21,100,4.9,0
2021-02-22,79,3.2,1
2021-02-23,85,6.0,0
2021-02-24,64,5.2,1
2021-02-25,107,3.1,0
2021-02-26,70,4.4,1
2021-02-27,94,5.6,0
2021-02-28,67,6.4,1
2021-03-01,103,2.6,0
2021-03-02,76,4.9,1
2021-03-03,89,5.1,0
2021-03-04,62,3.0,1
2021-03-05,105,4.7,0
2021-03-06,75,2.8,1
2021-03-07,92,5.3,0
2021-03-08,68,4.5,1
2021-03-09,108,3.3,0
2021-03-10,64,5.6,1
2021-03-11,98,6.2,0
2021-03-12,73,3.1,1
2021-03-13,85,4.4,0
2021-03-14,69,2.7,1
2021-03-15,102,5.0,0
2021-03-16,80,6.1,1
2021-03-17,88,3.6,0
2021-03-18,67,5.4,1
2021-03-19,104,2.9,0
2021-03-20,74,4.8,1
2021-03-21,92,6.3,0
2021-03-22,66,3.5,1
2021-03-23,101,5.5,0
2021-03-24,71,4.2,1
2021-03-25,86,3.8,0
2021-03-26,62,6.0,1
2021-03-27,108,4.6,0
2021-03-28,68,5.1,1
2021-03-29,90,3.9,0
2021-03-30,60,4.3,1
2021-03-31,100,6.2,0
2021-04-01,79,5.0,1
2021-04-02,87,3.1,0
2021-04-03,64,4.5,1
2021-04-04,102,6.3,0
2021-04-05,74,3.8,1
2021-04-06,95,5.2,0
2021-04-07,66,6.1,1
2021-04-08,103,2.9,0
2021-04-09,70,4.4,1
2021-04-10,92,5.3,0
2021-04-11,63,3.6,1
2021-04-12,108,6.2,0
2021-04-13,75,5.4,1
2021-04-14,86,4.9,0
2021-04-15,69,3.1,1
2021-04-16,104,5.0,0
2021-04-17,64,2.8,1
2021-04-18,98,4.8,0
2021-04-19,78,6.0,1
2021-04-20,85,5.1,0
2021-04-21,60,3.3,1
2021-04-22,103,4.7,0
2021-04-23,67,2.7,1
2021-04-24,89,5.5,0
2021-04-25,64,3.9,1
2021-04-26,108,4.3,0
2021-04-27,76,5.6,1
2021-04-28,90,6.2,0
2021-04-29,72,2.6,1
2021-04-30,107,5.0,0
2021-05-01,84,3.2,1
2021-05-02,68,4.9,0
2021-05-03,96,6.1,1
2021-05-04,72,2.8,0
2021-05-05,109,4.5,1
2021-05-06,77,5.2,0
2021-05-07,91,3.6,1
2021-05-08,66,6.3,0
2021-05-09,105,5.0,1
2021-05-10,74,4.1,0
2021-05-11,88,6.1,1
2021-05-12,62,3.5,0
2021-05-13,103,4.6,1
2021-05-14,69,5.4,0
2021-05-15,87,2.9,1
2021-05-16,65,6.2,0
2021-05-17,108,4.8,1
2021-05-18,71,3.7,0
2021-05-19,92,6.0,1
2021-05-20,64,5.1,0
2021-05-21,106,3.0,1
2021-05-22,75,4.2,0
2021-05-23,85,5.3,1
2021-05-24,70,2.9,0
2021-05-25,102,6.4,1
2021-05-26,68,5.2,0
2021-05-27,93,4.1,1
2021-05-28,67,3.8,0
2021-05-29,108,6.0,1
2021-05-30,74,5.3,0
2021-05-31,89,2.7,1
2021-06-01,60,4.9,0
2021-06-02,100,3.5,1
2021-06-03,79,5.1,0
2021-06-04,88,2.8,1
2021-06-05,63,4.4,0
2021-06-06,104,5.2,1
2021-06-07,70,6.0,0
2021-06-08,94,4.1,1
2021-06-09,66,3.7,0
2021-06-10,107,5.3,1
2021-06-11,75,6.1,0
2021-06-12,83,2.9,1
2021-06-13,61,4.8,0
2021-06-14,103,3.2,1
2021-06-15,72,5.0,0
2021-06-16,89,2.6,1
2021-06-17,64,4.7,0
2021-06-18,108,6.2,1
2021-06-19,69,5.3,0
2021-06-20,92,3.0,1
2021-06-21,68,4.9,0
2021-06-22,106,2.8,1
2021-06-23,74,5.6,0
2021-06-24,85,6.0,1
2021-06-25,62,3.2,0
2021-06-26,102,5.1,1
2021-06-27,79,4.3,0
2021-06-28,87,6.0,1
2021-06-29,65,2.5,0
2021-06-30,104,5.4,1
2021-07-01,76,5.2,0
2021-07-02,94,3.4,1
2021-07-03,68,4.9,0
2021-07-04,100,2.8,1
2021-07-05,73,6.0,0
2021-07-06,89,5.1,1
2021-07-07,61,4.3,0
2021-07-08,103,6.3,1
2021-07-09,74,3.2,0
2021-07-10,92,4.7,1
2021-07-11,60,5.0,0
2021-07-12,107,2.9,1
2021-07-13,70,5.6,0
2021-07-14,83,4.2,1
2021-07-15,65,6.1,0
2021-07-16,102,3.5,1
2021-07-17,72,5.3,0
2021-07-18,90,2.7,1
2021-07-19,63,4.8,0
2021-07-20,108,5.4,1
2021-07-21,75,3.0,0
2021-07-22,87,4.6,1
2021-07-23,64,6.2,0
2021-07-24,103,2.9,1
2021-07-25,69,5.0,0
2021-07-26,94,3.6,1
2021-07-27,67,6.3,0
2021-07-28,106,4.4,1
2021-07-29,74,5.7,0
2021-07-30,88,2.8,1
2021-07-31,62,4.9,0
2021-08-01,100,5.2,1
2021-08-02,79,3.5,0
2021-08-03,91,4.1,1
2021-08-04,64,6.1,0
2021-08-05,107,5.3,1
2021-08-06,70,2.7,0
2021-08-07,85,4.6,1
2021-08-08,66,5.2,0
2021-08-09,102,3.0,1
2021-08-10,76,5.6,0
2021-08-11,90,6.0,1
2021-08-12,65,4.3,0
2021-08-13,108,5.0,1
2021-08-14,72,2.9,0
2021-08-15,84,6.2,1
2021-08-16,61,4.5,0
2021-08-17,103,3.7,1
2021-08-18,74,4.9,0
2021-08-19,92,5.6,1
2021-08-20,64,6.1,0
2021-08-21,105,2.8,1
2021-08-22,78,5.3,0
2021-08-23,85,4.0,1
2021-08-24,63,6.2,0
2021-08-25,100,3.4,1
2021-08-26,70,4.8,0
2021-08-27,87,5.7,1
2021-08-28,66,2.9,0
2021-08-29,103,4.4,1
2021-08-30,75,5.0,0
2021-08-31,89,6.1,1
2021-09-01,62,4.3,0
2021-09-02,102,5.5,1
2021-09-03,69,2.8,0
2021-09-04,93,5.2,1
2021-09-05,67,3.4,0
2021-09-06,108,6.0,1
2021-09-07,74,4.8,0
2021-09-08,91,2.6,1
2021-09-09,61,5.4,0
2021-09-10,100,6.1,1
2021-09-11,78,3.7,0
2021-09-12,85,4.5,1
2021-09-13,63,5.2,0
2021-09-14,103,6.3,1
2021-09-15,74,3.0,0
2021-09-16,88,4.7,1
2021-09-17,68,5.1,0
2021-09-18,106,6.0,1
2021-09-19,64,2.9,0
2021-09-20,93,5.3,1
2021-09-21,66,4.2,0
2021-09-22,105,6.1,1
2021-09-23,75,2.8,0
2021-09-24,87,4.9,1
2021-09-25,65,3.6,0
2021-09-26,103,5.2,1
2021-09-27,68,4.0,0
2021-09-28,94,6.0,1
2021-09-29,67,5.3,0
2021-09-30,107,2.7,1
2021-10-01,79,5.4,0
2021-10-02,88,6.1,1
2021-10-03,64,3.3,0
2021-10-04,102,4.8,1
2021-10-05,70,5.6,0
2021-10-06,92,3.5,1
2021-10-07,66,5.2,0
2021-10-08,108,4.3,1
2021-10-09,75,6.3,0
2021-10-10,85,3.0,1
2021-10-11,63,5.0,0
2021-10-12,104,4.7,1
2021-10-13,72,6.1,0
2021-10-14,90,3.8,1
2021-10-15,67,5.4,0
2021-10-16,105,2.9,1
2021-10-17,74,4.9,0
2021-10-18,87,5.1,1
2021-10-19,62,2.7,0
2021-10-20,101,6.2,1
2021-10-21,78,4.5,0
2021-10-22,89,5.3,1
2021-10-23,65,2.9,0
2021-10-24,102,5.6,1
2021-10-25,69,3.7,0
2021-10-26,90,4.3,1
2021-10-27,64,5.2,0
2021-10-28,108,6.0,1
2021-10-29,73,3.4,0
2021-10-30,84,4.9,1
2021-10-31,68,5.3,0
2021-11-01,103,2.6,1
2021-11-02,70,4.5,0
2021-11-03,87,5.2,1
2021-11-04,63,6.1,0
2021-11-05,107,3.9,1
2021-11-06,76,5.4,0
2021-11-07,91,2.8,1
2021-11-08,65,5.0,0
2021-11-09,102,3.3,1
2021-11-10,72,6.2,0
2021-11-11,89,5.5,1
2021-11-12,64,2.7,0
2021-11-13,104,4.6,1
2021-11-14,74,5.1,0
2021-11-15,88,3.2,1
2021-11-16,67,5.4,0
2021-11-17,108,2.8,1
2021-11-18,75,6.0,0
2021-11-19,84,4.3,1
2021-11-20,61,5.2,0
2021-11-21,103,3.6,1
2021-11-22,70,6.1,0
2021-11-23,90,2.5,1
2021-11-24,62,5.0,0
2021-11-25,106,4.9,1
2021-11-26,78,6.3,0
2021-11-27,87,2.9,1
2021-11-28,64,5.5,0
2021-11-29,100,3.8,1
2021-11-30,75,4.4,0
2021-12-01,89,5.0,1
2021-12-02,66,4.3,0
2021-12-03,105,6.1,1
2021-12-04,71,3.2,0
2021-12-05,86,4.7,1
2021-12-06,65,5.4,0
2021-12-07,104,2.9,1
2021-12-08,74,5.1,0
2021-12-09,88,3.4,1
2021-12-10,63,6.0,0
2021-12-11,107,4.8,1
2021-12-12,70,2.6,0
2021-12-13,92,5.2,1
2021-12-14,67,4.7,0
2021-12-15,108,6.3,1
2021-12-16,75,3.1,0
2021-12-17,90,5.4,1
2021-12-18,64,2.8,0
2021-12-19,102,4.9,1
2021-12-20,80,3.5,0
2021-12-21,85,5.0,1
2021-12-22,66,6.1,0
2021-12-23,103,2.7,1
2021-12-24,71,4.8,0
2021-12-25,92,3.4,1
2021-12-26,68,5.3,0
2021-12-27,104,4.2,1
2021-12-28,72,6.0,0
2021-12-29,87,2.0,1
2022-01-01,84,5.2,1
2022-01-02,63,4.3,0
2022-01-03,90,6.1,1
2022-01-04,75,3.7,0
2022-01-05,101,5.4,1
2022-01-06,72,2.9,0
2022-01-07,88,4.8,1
2022-01-08,64,6.0,0
2022-01-09,102,3.5,1
2022-01-10,80,5.1,0
2022-01-11,95,4.4,1
2022-01-12,67,2.7,0
2022-01-13,106,5.3,1
2022-01-14,74,6.1,0
2022-01-15,86,3.1,1
2022-01-16,62,4.7,0
2022-01-17,105,5.2,1
2022-01-18,70,2.8,0
2022-01-19,93,6.0,1
2022-01-20,65,5.0,0
2022-01-21,108,3.3,1
2022-01-22,77,4.9,0
2022-01-23,85,6.2,1
2022-01-24,66,2.6,0
2022-01-25,103,5.5,1
2022-01-26,71,4.1,0
2022-01-27,89,3.8,1
2022-01-28,62,5.0,0
2022-01-29,104,6.3,1
2022-01-30,73,4.2,0
2022-01-31,91,3.7,1
2022-02-01,67,5.1,0
2022-02-02,107,4.4,1
2022-02-03,74,6.1,0
2022-02-04,88,3.2,1
2022-02-05,60,4.9,0
2022-02-06,103,5.3,1
2022-02-07,70,2.9,0
2022-02-08,92,5.0,1
2022-02-09,66,3.5,0
2022-02-10,108,6.2,1
2022-02-11,76,2.8,0
2022-02-12,86,4.6,1
2022-02-13,61,5.2,0
2022-02-14,102,3.1,1
2022-02-15,72,4.8,0
2022-02-16,89,5.4,1
2022-02-17,64,2.6,0
2022-02-18,107,6.0,1
2022-02-19,75,4.7,0
2022-02-20,91,5.5,1
2022-02-21,65,3.2,0
2022-02-22,104,6.3,1
2022-02-23,68,4.0,0
2022-02-24,94,5.2,1
2022-02-25,67,2.9,0
2022-02-26,108,4.8,1
2022-02-27,71,6.1,0
2022-02-28,87,5.4,1
2022-03-01,63,3.0,0
2022-03-02,105,4.7,1
2022-03-03,79,6.0,0
2022-03-04,88,3.3,1
2022-03-05,65,4.5,0
2022-03-06,101,5.1,1
2022-03-07,70,3.6,0
2022-03-08,92,4.9,1
2022-03-09,68,5.3,0
2022-03-10,108,2.7,1
2022-03-11,74,6.2,0
2022-03-12,85,3.9,1
2022-03-13,62,5.0,0
2022-03-14,104,4.4,1
2022-03-15,77,6.3,0
2022-03-16,90,3.2,1
2022-03-17,66,5.1,0
2022-03-18,107,2.8,1
2022-03-19,71,4.9,0
2022-03-20,93,6.0,1
2022-03-21,60,3.7,0
2022-03-22,103,5.2,1
2022-03-23,68,2.9,0
2022-03-24,88,4.5,1
2022-03-25,63,6.2,0
2022-03-26,108,5.3,1
2022-03-27,74,3.4,0
2022-03-28,86,4.6,1
2022-03-29,65,5.1,0
2022-03-30,102,2.7,1
2022-03-31,71,6.0,0
2022-04-01,89,4.8,1
2022-04-02,68,3.9,0
2022-04-03,104,5.4,1
2022-04-04,70,2.8,0
2022-04-05,93,4.7,1
2022-04-06,61,6.1,0
2022-04-07,107,3.5,1
2022-04-08,79,5.2,0
2022-04-09,85,2.6,1
2022-04-10,63,4.9,0
2022-04-11,101,6.0,1
2022-04-12,73,3.2,0
2022-04-13,90,5.1,1
2022-04-14,67,2.9,0
2022-04-15,108,4.8,1
2022-04-16,74,6.2,0
2022-04-17,88,5.0,1
2022-04-18,65,3.4,0
2022-04-19,103,4.7,1
2022-04-20,70,5.3,0
2022-04-21,91,2.8,1
2022-04-22,66,6.1,0
2022-04-23,106,4.4,1
2022-04-24,78,5.0,0
2022-04-25,87,3.2,1
2022-04-26,60,5.5,0
2022-04-27,104,6.3,1
2022-04-28,74,2.7,0
2022-04-29,89,4.9,1
2022-04-30,62,5.2,0
2022-05-01,108,3.6,1
2022-05-02,73,6.0,0
2022-05-03,85,4.3,1
2022-05-04,67,5.4,0
2022-05-05,102,2.9,1
2022-05-06,71,6.2,0
2022-05-07,92,4.5,1
2022-05-08,65,3.3,0
2022-05-09,105,5.0,1
2022-05-10,74,4.8,0
2022-05-11,88,2.6,1
2022-05-12,63,5.1,0
2022-05-13,101,6.0,1
2022-05-14,77,3.5,0
2022-05-15,86,4.9,1
2022-05-16,66,5.2,0
2022-05-17,107,2.8,1
2022-05-18,75,6.3,0
2022-05-19,91,3.1,1
2022-05-20,64,5.4,0
2022-05-21,104,4.2,1
2022-05-22,70,6.0,0
2022-05-23,87,2.9,1
2022-05-24,65,5.1,0
2022-05-25,106,3.4,1
2022-05-26,79,6.2,0
2022-05-27,89,5.3,1
2022-05-28,62,4.0,0
2022-05-29,108,2.6,1
2022-05-30,74,5.0,0
2022-05-31,88,4.9,1
2022-06-01,63,6.1,0
2022-06-02,105,3.7,1
2022-06-03,73,5.2,0
2022-06-04,90,4.6,1
2022-06-05,67,2.8,0
2022-06-06,108,5.3,1
2022-06-07,74,4.4,0
2022-06-08,86,6.0,1
2022-06-09,65,3.9,0
2022-06-10,104,5.0,1
2022-06-11,70,2.6,0
2022-06-12,91,4.8,1
2022-06-13,64,6.1,0
2022-06-14,107,3.2,1
2022-06-15,78,5.4,0
2022-06-16,85,5.2,1
2022-06-17,60,2.9,0
2022-06-18,102,4.7,1
2022-06-19,72,3.3,0
2022-06-20,88,5.0,1
2022-06-21,66,4.6,0
2022-06-22,106,6.0,1
2022-06-23,75,3.1,0
2022-06-24,92,5.2,1
2022-06-25,68,4.8,0
2022-06-26,108,6.3,1
2022-06-27,71,2.9,0
2022-06-28,89,5.0,1
2022-06-29,63,4.7,0
2022-06-30,101,6.1,1
2022-07-01,74,3.4,0
2022-07-02,86,4.9,1
2022-07-03,66,5.3,0
2022-07-04,107,2.7,1
2022-07-05,73,6.2,0
2022-07-06,90,3.9,1
2022-07-07,64,5.0,0
2022-07-08,103,4.4,1
2022-07-09,78,6.0,0
2022-07-10,85,3.6,1
2022-07-11,62,5.1,0
2022-07-12,102,2.9,1
2022-07-13,70,4.8,0
2022-07-14,88,6.1,1
2022-07-15,67,5.3,0
2022-07-16,108,4.0,1
2022-07-17,76,6.2,0
2022-07-18,92,2.8,1
2022-07-19,65,5.0,0
2022-07-20,105,4.5,1
2022-07-21,74,6.0,0
2022-07-22,87,3.1,1
2022-07-23,63,5.3,0
2022-07-24,104,4.7,1
2022-07-25,79,5.1,0
2022-07-26,89,6.0,1
2022-07-27,60,3.4,0
2022-07-28,108,5.4,1
2022-07-29,73,4.9,0
2022-07-30,85,6.1,1
2022-07-31,68,3.7,0
2022-08-01,101,4.7,1
2022-08-02,77,5.3,0
2022-08-03,90,2.8,1
2022-08-04,64,5.0,0
2022-08-05,106,3.5,1
2022-08-06,75,6.2,0
2022-08-07,88,5.4,1
2022-08-08,62,3.0,0
2022-08-09,103,5.1,1
2022-08-10,74,2.7,0
2022-08-11,86,4.9,1
2022-08-12,67,6.0,0
2022-08-13,107,5.2,1
2022-08-14,70,3.3,0
2022-08-15,91,6.1,1
2022-08-16,63,2.9,0
2022-08-17,104,5.0,1
2022-08-18,78,4.8,0
2022-08-19,85,6.2,1
2022-08-20,66,3.7,0
2022-08-21,108,5.1,1
2022-08-22,74,4.4,0
2022-08-23,89,6.1,1
2022-08-24,65,2.8,0
2022-08-25,102,5.3,1
2022-08-26,71,4.7,0
2022-08-27,92,5.2,1
2022-08-28,68,6.0,0
2022-08-29,107,3.5,1
2022-08-30,73,5.4,0
2022-08-31,85,2.9,1
2022-09-01,62,5.1,0
2022-09-02,108,3.4,1
2022-09-03,74,4.8,0
2022-09-04,88,6.2,1
2022-09-05,60,3.9,0
2022-09-06,103,5.0,1
2022-09-07,79,4.3,0
2022-09-08,89,6.1,1
2022-09-09,64,2.8,0
2022-09-10,101,5.3,1
2022-09-11,77,3.5,0
2022-09-12,90,5.2,1
2022-09-13,65,4.0,0
2022-09-14,106,6.0,1
2022-09-15,74,5.1,0
2022-09-16,87,2.6,1
2022-09-17,68,4.9,0
2022-09-18,102,3.4,1
2022-09-19,71,5.0,0
2022-09-20,86,6.2,1
2022-09-21,63,2.7,0
2022-09-22,108,4.7,1
2022-09-23,78,5.3,0
2022-09-24,85,3.1,1
2022-09-25,66,6.0,0
2022-09-26,104,4.2,1
2022-09-27,72,5.4,0
2022-09-28,89,2.9,1
2022-09-29,65,6.1,0
2022-09-30,107,3.7,1
2022-10-01,75,5.1,0
2022-10-02,92,4.3,1
2022-10-03,68,5.0,0
2022-10-04,105,3.5,1
2022-10-05,71,6.2,0
2022-10-06,87,4.7,1
2022-10-07,63,5.1,0
2022-10-08,108,3.9,1
2022-10-09,74,6.0,0
2022-10-10,90,2.8,1
2022-10-11,66,4.9,0
2022-10-12,101,5.4,1
2022-10-13,79,3.3,0
2022-10-14,89,5.2,1
2022-10-15,64,4.6,0
2022-10-16,106,2.7,1
2022-10-17,72,6.1,0
2022-10-18,88,5.0,1
2022-10-19,60,3.4,0
2022-10-20,104,4.8,1
2022-10-21,78,5.2,0
2022-10-22,85,2.9,1
2022-10-23,65,6.0,0
2022-10-24,107,4.1,1
2022-10-25,74,5.3,0
2022-10-26,92,3.7,1
2022-10-27,68,5.1,0
2022-10-28,108,2.8,1
2022-10-29,71,4.7,0
2022-10-30,85,6.2,1
2022-10-31,62,3.5,0
2022-11-01,101,5.0,1
2022-11-02,76,4.6,0
2022-11-03,88,6.1,1
2022-11-04,63,3.3,0
2022-11-05,104,5.2,1
2022-11-06,70,4.0,0
2022-11-07,89,6.0,1
2022-11-08,66,3.8,0
2022-11-09,108,5.3,1
2022-11-10,73,2.9,0
2022-11-11,85,4.8,1
2022-11-12,64,6.1,0
2022-11-13,102,3.4,1
2022-11-14,78,5.1,0
2022-11-15,91,4.7,1
2022-11-16,60,2.8,0
2022-11-17,107,5.4,1
2022-11-18,72,6.0,0
2022-11-19,88,3.9,1
2022-11-20,65,4.6,0
2022-11-21,105,5.2,1
2022-11-22,76,2.7,0
2022-11-23,90,6.1,1
2022-11-24,68,3.4,0
2022-11-25,108,4.9,1
2022-11-26,71,5.3,0
2022-11-27,85,2.8,1
2022-11-28,62,6.0,0
2022-11-29,103,3.6,1
2022-11-30,74,5.2,0
2022-12-01,89,4.5,1
2022-12-02,66,6.3,0
2022-12-03,104,3.7,1
2022-12-04,78,5.0,0
2022-12-05,92,4.2,1
2022-12-06,60,6.1,0
2022-12-07,107,3.4,1
2022-12-08,73,5.1,0
2022-12-09,88,2.8,1
2022-12-10,64,4.7,0
2022-12-11,105,5.3,1
2022-12-12,71,3.5,0
2022-12-13,91,6.2,1
2022-12-14,67,4.6,0
2022-12-15,108,5.0,1
2022-12-16,75,2.9,0
2022-12-17,85,4.8,1
2022-12-18,63,6.0,0
2022-12-19,102,3.3,1
2022-12-20,79,5.2,0
2022-12-21,86,4.7,1
2022-12-22,66,6.1,0
2022-12-23,108,3.9,1
2022-12-24,74,5.3,0
2022-12-25,92,2.8,1
2022-12-26,68,4.9,0
2022-12-27,103,5.0,1
2022-12-28,70,3.6,0
2022-12-29,90,6.2,1
2022-12-30,65,5.1,0
2022-12-31,107,3.8,1
2023-01-01,75,4.3,1
2023-01-02,88,5.6,0
2023-01-03,64,3.9,1
2023-01-04,103,6.0,0
2023-01-05,70,4.7,1
2023-01-06,89,5.2,0
2023-01-07,66,3.5,1
2023-01-08,108,5.9,0
2023-01-09,74,4.8,1
2023-01-10,92,6.3,0
2023-01-11,62,4.0,1
2023-01-12,107,5.1,0
2023-01-13,71,3.7,1
2023-01-14,86,5.2,0
2023-01-15,60,4.9,1
2023-01-16,105,6.1,0
2023-01-17,75,4.2,1
2023-01-18,90,5.4,0
2023-01-19,67,3.8,1
2023-01-20,108,6.0,0
2023-01-21,72,5.0,1
2023-01-22,85,4.4,0
2023-01-23,64,6.1,1
2023-01-24,102,3.9,0
2023-01-25,79,5.2,1
2023-01-26,91,4.6,0
2023-01-27,65,6.0,1
2023-01-28,108,4.8,0
2023-01-29,73,5.7,1
2023-01-30,87,3.4,0
2023-01-31,66,5.1,1
2023-02-01,104,4.9,0
2023-02-02,74,6.0,1
2023-02-03,88,4.3,0
2023-02-04,63,5.1,1
2023-02-05,105,3.7,0
2023-02-06,77,5.5,1
2023-02-07,85,4.0,0
2023-02-08,60,6.2,1
2023-02-09,108,3.8,0
2023-02-10,70,5.3,1
2023-02-11,90,4.6,0
2023-02-12,65,6.1,1
2023-02-13,107,5.0,0
2023-02-14,74,3.5,1
2023-02-15,86,4.9,0
2023-02-16,68,5.4,1
2023-02-17,108,3.2,0
2023-02-18,71,6.0,1
2023-02-19,89,5.2,0
2023-02-20,66,4.4,1
2023-02-21,103,6.2,0
2023-02-22,78,3.9,1
2023-02-23,85,5.5,0
2023-02-24,60,4.7,1
2023-02-25,107,6.0,0
2023-02-26,72,4.2,1
2023-02-27,91,5.1,0
2023-02-28,64,3.6,1
2023-03-01,105,5.7,0
2023-03-02,79,4.9,1
2023-03-03,86,6.1,0
2023-03-04,68,3.8,1
2023-03-05,108,5.0,0
2023-03-06,75,4.2,1
2023-03-07,90,6.0,0
2023-03-08,65,5.3,1
2023-03-09,102,3.9,0
2023-03-10,71,5.1,1
2023-03-11,89,4.4,0
2023-03-12,67,6.2,1
2023-03-13,108,5.0,0
2023-03-14,74,4.7,1
2023-03-15,85,5.3,0
2023-03-16,64,3.5,1
2023-03-17,107,6.1,0
2023-03-18,78,5.4,1
2023-03-19,91,3.8,0
2023-03-20,60,4.9,1
2023-03-21,103,5.2,0
2023-03-22,72,6.0,1
2023-03-23,86,4.5,0
2023-03-24,66,5.6,1
2023-03-25,108,4.3,0
2023-03-26,70,6.1,1
2023-03-27,88,3.7,0
2023-03-28,63,5.3,1
2023-03-29,105,4.4,0
2023-03-30,74,6.0,1
2023-03-31,92,5.2,0
2023-04-01,68,4.9,1
2023-04-02,108,5.6,0
2023-04-03,71,6.0,1
2023-04-04,85,3.8,0
2023-04-05,65,5.3,1
2023-04-06,104,4.2,0
2023-04-07,76,5.0,1
2023-04-08,90,6.1,0
2023-04-09,67,3.4,1
2023-04-10,108,5.2,0
2023-04-11,73,4.5,1
2023-04-12,89,6.0,0
2023-04-13,62,5.3,1
2023-04-14,107,3.7,0
2023-04-15,70,5.0,1
2023-04-16,85,4.9,0
2023-04-17,60,6.2,1
2023-04-18,108,3.8,0
2023-04-19,78,5.1,1
2023-04-20,92,4.4,0
2023-04-21,64,6.1,1
2023-04-22,105,4.2,0
2023-04-23,75,5.3,1
2023-04-24,89,4.7,0
2023-04-25,66,6.0,1
2023-04-26,108,3.6,0
2023-04-27,74,5.4,1
2023-04-28,86,4.9,0
2023-04-29,68,6.0,1
2023-04-30,107,5.2,0
2023-05-01,72,4.8,1
2023-05-02,90,6.3,0
2023-05-03,65,3.9,1
2023-05-04,108,5.1,0
2023-05-05,73,4.4,1
2023-05-06,86,5.2,0
2023-05-07,62,3.6,1
2023-05-08,104,5.0,0
2023-05-09,70,4.9,1
2023-05-10,91,6.1,0
2023-05-11,65,3.8,1
2023-05-12,108,5.0,0
2023-05-13,74,4.2,1
2023-05-14,89,6.0,0
2023-05-15,60,3.9,1
2023-05-16,107,5.3,0
2023-05-17,70,4.6,1
2023-05-18,86,6.1,0
2023-05-19,64,5.2,1
2023-05-20,108,3.7,0
2023-05-21,73,5.0,1
2023-05-22,90,4.9,0
2023-05-23,65,6.2,1
2023-05-24,102,4.1,0
2023-05-25,76,5.3,1
2023-05-26,88,3.4,0
2023-05-27,62,6.1,1
2023-05-28,104,5.0,0
2023-05-29,71,4.8,1
2023-05-30,89,5.2,0
2023-05-31,66,3.7,1
2023-06-01,107,4.5,0
2023-06-02,74,5.2,1
2023-06-03,91,6.0,0
2023-06-04,64,3.9,1
2023-06-05,108,5.1,0
2023-06-06,70,4.7,1
2023-06-07,85,6.0,0
2023-06-08,63,3.5,1
2023-06-09,104,5.3,0
2023-06-10,75,4.8,1
2023-06-11,89,5.6,0
2023-06-12,68,4.2,1
2023-06-13,108,5.0,0
2023-06-14,72,6.1,1
2023-06-15,86,3.9,0
2023-06-16,60,5.2,1
2023-06-17,105,4.4,0
2023-06-18,79,5.0,1
2023-06-19,92,3.6,0
2023-06-20,67,6.0,1
2023-06-21,108,4.9,0
2023-06-22,73,5.3,1
2023-06-23,85,4.1,0
2023-06-24,64,5.2,1
2023-06-25,107,4.7,0
2023-06-26,74,6.0,1
2023-06-27,90,3.8,0
2023-06-28,65,5.4,1
2023-06-29,104,4.5,0
2023-06-30,72,6.1,1
2023-07-01,89,4.2,0
2023-07-02,66,5.1,1
2023-07-03,107,4.9,0
2023-07-04,74,5.6,1
2023-07-05,85,3.7,0
2023-07-06,63,5.2,1
2023-07-07,104,4.0,0
2023-07-08,75,6.0,1
2023-07-09,88,3.8,0
2023-07-10,62,5.1,1
2023-07-11,108,4.6,0
2023-07-12,70,6.3,1
2023-07-13,91,4.2,0
2023-07-14,65,5.0,1
2023-07-15,107,4.4,0
2023-07-16,73,5.6,1
2023-07-17,86,3.9,0
2023-07-18,60,5.3,1
2023-07-19,105,4.8,0
2023-07-20,79,6.1,1
2023-07-21,92,4.3,0
2023-07-22,67,5.4,1
2023-07-23,108,4.7,0
2023-07-24,72,6.0,1
2023-07-25,85,5.2,0
2023-07-26,64,3.6,1
2023-07-27,107,5.5,0
2023-07-28,74,4.8,1
2023-07-29,90,6.2,0
2023-07-30,65,4.9,1
2023-07-31,102,5.0,0
2023-08-01,76,3.8,1
2023-08-02,89,5.3,0
2023-08-03,62,4.1,1
2023-08-04,104,5.6,0
2023-08-05,70,3.7,1
2023-08-06,91,5.2,0
2023-08-07,65,4.9,1
2023-08-08,108,6.1,0
2023-08-09,74,4.0,1
2023-08-10,85,5.3,0
2023-08-11,63,3.6,1
2023-08-12,102,5.1,0
2023-08-13,77,4.7,1
2023-08-14,89,6.0,0
2023-08-15,66,3.9,1
2023-08-16,105,5.2,0
2023-08-17,73,4.4,1
2023-08-18,86,5.3,0
2023-08-19,60,4.8,1
2023-08-20,108,5.6,0
2023-08-21,72,3.5,1
2023-08-22,90,5.1,0
2023-08-23,65,4.9,1
2023-08-24,103,6.0,0
2023-08-25,78,5.0,1
2023-08-26,91,3.8,0
2023-08-27,64,5.2,1
2023-08-28,107,4.4,0
2023-08-29,73,6.1,1
2023-08-30,88,5.0,0
2023-08-31,62,4.9,1
2023-09-01,104,3.7,0
2023-09-02,75,5.3,1
2023-09-03,91,4.8,0
2023-09-04,66,6.2,1
2023-09-05,108,4.1,0
2023-09-06,72,5.0,1
2023-09-07,85,3.9,0
2023-09-08,60,6.1,1
2023-09-09,102,4.4,0
2023-09-10,74,5.3,1
2023-09-11,89,4.2,0
2023-09-12,67,6.0,1
2023-09-13,107,3.8,0
2023-09-14,75,5.2,1
2023-09-15,86,4.9,0
2023-09-16,63,5.4,1
2023-09-17,108,3.7,0
2023-09-18,70,5.1,1
2023-09-19,92,4.3,0
2023-09-20,65,6.0,1
2023-09-21,105,4.8,0
2023-09-22,78,5.3,1
2023-09-23,91,4.1,0
2023-09-24,64,5.2,1
2023-09-25,103,4.6,0
2023-09-26,77,6.1,1
2023-09-27,90,3.9,0
2023-09-28,63,5.0,1
2023-09-29,108,4.8,0
2023-09-30,74,6.2,1
2023-10-01,65,5.3,0
2023-10-02,109,4.7,1
2023-10-03,72,5.6,0
2023-10-04,87,3.8,1
2023-10-05,65,5.0,0
2023-10-06,100,4.2,1
2023-10-07,74,6.1,0
2023-10-08,94,3.9,1
2023-10-09,60,5.1,0
2023-10-10,107,4.7,1
2023-10-11,71,6.0,0
2023-10-12,89,5.2,1
2023-10-13,64,4.9,0
2023-10-14,102,5.5,1
2023-10-15,79,3.6,0
2023-10-16,85,5.0,1
2023-10-17,61,4.4,0
2023-10-18,108,6.1,1
2023-10-19,73,3.7,0
2023-10-20,91,5.2,1
2023-10-21,68,4.8,0
2023-10-22,105,6.0,1
2023-10-23,76,5.3,0
2023-10-24,90,4.4,1
2023-10-25,64,5.6,0
2023-10-26,108,4.1,1
2023-10-27,74,6.0,0
2023-10-28,93,5.2,1
2023-10-29,67,3.8,0
2023-10-30,106,5.1,1
2023-10-31,72,4.9,0
2023-11-01,88,6.2,1
2023-11-02,65,4.5,0
2023-11-03,104,5.0,1
2023-11-04,79,3.8,0
2023-11-05,92,5.3,1
2023-11-06,60,4.2,0
2023-11-07,110,6.0,1
2023-11-08,74,3.9,0
2023-11-09,95,5.1,1
2023-11-10,64,4.6,0
2023-11-11,108,5.2,1
2023-11-12,70,4.8,0
2023-11-13,87,6.0,1
2023-11-14,63,3.7,0
2023-11-15,103,5.3,1
2023-11-16,78,4.9,0
2023-11-17,91,5.1,1
2023-11-18,65,3.8,0
2023-11-19,106,5.0,1
2023-11-20,72,4.5,0
2023-11-21,89,6.1,1
2023-11-22,61,4.2,0
2023-11-23,110,5.3,1
2023-11-24,75,4.8,0
2023-11-25,92,6.0,1
2023-11-26,67,3.9,0
2023-11-27,106,5.1,1
2023-11-28,74,4.4,0
2023-11-29,91,6.2,1
2023-11-30,60,5.0,0
2023-12-01,108,3.7,1
2023-12-02,73,5.4,0
2023-12-03,88,4.8,1
2023-12-04,65,5.1,0
2023-12-05,106,4.3,1
2023-12-06,70,6.1,0
2023-12-07,94,5.2,1
2023-12-08,72,3.9,0
2023-12-09,107,5.1,1
2023-12-10,75,4.6,0
2023-12-11,92,6.0,1
2023-12-12,61,4.9,0
2023-12-13,108,5.3,1
2023-12-14,74,4.7,0
2023-12-15,89,6.1,1
2023-12-16,66,3.8,0
2023-12-17,110,5.0,1
2023-12-18,78,4.4,0
2023-12-19,95,6.2,1
2023-12-20,63,5.1,0
2023-12-21,102,4.8,1
2023-12-22,74,5.3,0
2023-12-23,90,3.9,1
2023-12-24,67,6.0,0
2023-12-25,108,5.2,1
2023-12-26,72,4.5,0
2023-12-27,85,6.1,1
2023-12-28,66,4.8,0
2023-12-29,104,5.0,1
2023-12-30,76,3.7,0
2023-12-31,89,5.3,1
2024-01-01,45,5.2,0
2024-01-01,45,5.2,	1
2024-01-02,78,5.1,1
2024-01-02,78,5.1,	0
2024-01-03,120,6.0,1
2024-01-03,120,6.0,	1
2024-01-04,	140,4.9,	1
2024-01-05,	36,5.6,	1
2024-01-06,	40,4.8,	1
2024-01-07,	43,6.2,	1
2024-01-08,	99,5.3,	1
2024-01-09,	125,5.0,	0
2024-01-10,	50,4.7,	1
2024-01-11,	12,6.0,	1
2024-01-12,	114,5.2,	0
2024-01-13,	36,4.5,	1
2024-01-14,	37,5.7,	1
2024-01-15,	123,6.1,	0
2024-01-16,	16,4.9,	1
2024-01-17,	14,5.3,	1
2024-01-18,	61,6.0,	1
2024-01-19,	134,4.6,	0
2024-01-20,	29,5.1,	0
2024-01-21,	58,4.8,	0
2024-01-22,	81,6.2,	1
2024-01-23,	112,4.9,	0
2024-01-24,	104,5.4,	1
2024-01-25,	129,4.7,	0
2024-01-26,	135,5.1,	0
2024-01-27,	107,6.0,	1
2024-01-28,	41,4.8,	1
2024-01-29,	113,5.3,	0
2024-01-30,	71,4.6,	0
2024-01-31,	92,5.0,	0
2024-02-01,	53,4.9,	1
2024-02-02,	34,5.2,	1
2024-02-03,	85,5.5,	1
2024-02-04,	21,4.7,	1
2024-02-05,	73,5.0,	0
2024-02-06,	122,4.9,	1
2024-02-07,	100,5.6,	0
2024-02-08,	72,5.2,	1
2024-02-09,	38,5.0,	1
2024-02-10,	43,4.8,	0
2024-02-11,	134,5.1,	0
2024-02-12,	87,4.6,	0
2024-02-13,	106,5.3,	1
2024-02-14,	52,5.0,	0
2024-02-15,	53,4.7,	1
2024-02-16,	132,5.4,	1
2024-02-17,	20,4.9,	0
2024-02-18,	106,5.6,	1
2024-02-19,	50,4.8,	0
2024-02-20,	126,5.0,	1
2024-02-21,	106,4.6,	1
2024-02-22,	147,5.5,	0
2024-02-23,	55,4.9,	1
2024-02-24,	132,5.2,	0
2024-02-25,	33,4.8,	0
2024-02-26,	119,5.3,	1
2024-02-27,	15,5.1,	1
2024-02-28,	33,4.7,	1
2024-02-29,	62,5.0,	1
2024-03-01,	116,4.8,	0
2024-03-02,	146,5.2,	0
2024-03-03,	96,5.4,	0
2024-03-04,	31,4.6,	1
2024-03-05,	106,5.0,	1
2024-03-06,	23,4.9,	1
2024-03-07,	144,5.6,	0
2024-03-08,	118,5.3,	0
2024-03-09,	24,4.8,	0
2024-03-10,	46,5.1,	1
2024-03-11,	122,4.7,	1
2024-03-12,	51,5.0,	1
2024-03-13,	41,5.4,	0
2024-03-14,	125,4.9,	0
2024-03-15,	68,5.2,	1
2024-03-16,	132,4.8,	1
2024-03-17,	68,5.0,	0
2024-03-18,	105,4.7,	0
2024-03-19,	66,5.3,	0
2024-03-20,	27,4.9,	0
2024-03-21,	111,5.0,	0
2024-03-22,	104,4.8,	0
2024-03-23,	16,5.1,	0
2024-03-24,	133,5.6,	0
2024-03-25,	110,4.9,	1
2024-03-26,	26,5.0,	1
2024-03-27,	41,4.8,	1
2024-03-28,	82,5.3,	0
2024-03-29,	123,4.6,	0
2024-03-30,	66,5.2,	0
2024-03-31,	57,5.1,	1
2024-04-01,	46,4.7,	0
2024-04-02,	138,5.0,	0
2024-04-03,	100,5.3,	1
2024-04-04,	36,4.9,	1
2024-04-05,	102,5.1,	1
2024-04-06,	98,4.8,	1
2024-04-07,	1,5.0,	0
2024-04-08,	101,5.2,	1
2024-04-09,	116,4.7,	1
2024-04-10,112,5.1,1
2024-04-11,104,4.9,0
2024-04-12,99,5.3,1
2024-04-13,115,5.0,1
2024-04-14,89,4.7,0
2024-04-15,108,5.2,1
2024-04-16,122,5.4,0
2024-04-17,75,4.9,1
2024-04-18,130,5.1,0
2024-04-19,118,4.6,1
2024-04-20,101,5.3,1
2024-04-21,90,4.8,0
2024-04-22,103,5.0,1
2024-04-23,110,4.7,0
2024-04-24,92,5.2,1
2024-04-25,106,4.9,0
2024-04-26,98,5.4,1
2024-04-27,89,4.8,0
2024-04-28,106,5.1,1
2024-04-29,112,4.7,0
2024-04-30,95,5.0,1
2024-05-01,102,4.9,0
2024-05-02,114,5.3,1
2024-05-03,120,4.6,0
2024-05-04,109,5.0,1
2024-05-05,85,4.8,1
2024-05-06,99,5.1,0
2024-05-07,113,4.7,1
2024-05-08,121,5.2,0
2024-05-09,100,4.9,1
2024-05-10,110,5.0,0
2024-05-11,91,4.6,1
2024-05-12,108,5.3,1
2024-05-13,104,4.7,0
2024-05-14,106,5.1,1
2024-05-15,112,4.9,0
2024-05-16,117,5.2,1
2024-05-17,99,4.7,0
2024-05-18,102,5.3,1
2024-05-19,110,4.9,0
2024-05-20,96,5.0,1
2024-05-21,116,4.8,1
2024-05-22,109,5.4,0
2024-05-23,111,4.9,1
2024-05-24,120,5.1,0
2024-05-25,101,4.7,1
2024-05-26,105,5.3,0
2024-05-27,118,5.0,1
2024-05-28,112,4.6,0
2024-05-29,108,5.2,1
2024-05-30,110,5.1,0
2024-05-31,96,4.8,1
2024-06-01,107,5.3,0
2024-06-02,115,4.8,1
2024-06-03,106,5.0,0
2024-06-04,121,5.1,1
2024-06-05,99,4.9,0
2024-06-06,104,5.2,1
2024-06-07,110,4.7,0
2024-06-08,109,5.3,1
2024-06-09,103,5.0,0
2024-06-10,113,4.8,1
2024-06-11,97,5.1,0
2024-06-12,118,4.9,1
2024-06-13,104,5.3,0
2024-06-14,110,4.6,1
2024-06-15,100,5.0,0
2024-06-16,117,4.7,1
2024-06-17,108,5.1,0
2024-06-18,105,5.2,1
2024-06-19,99,4.8,0
2024-06-20,115,5.3,1
2024-06-21,113,4.9,0
2024-06-22,106,5.0,1
2024-06-23,107,4.6,0
2024-06-24,102,5.2,1
2024-06-25,110,4.8,0
2024-06-26,112,5.1,1
2024-06-27,115,4.7,0
2024-06-28,108,5.3,1
2024-06-29,107,4.9,0
2024-06-30,120,5.0,1
2024-07-01,112,4.6,0
2024-07-02,110,5.1,1
2024-07-03,119,4.8,0
2024-07-04,114,5.2,1
2024-07-05,105,4.9,0
2024-07-06,98,5.0,1
2024-07-07,113,4.7,0
2024-07-08,115,5.3,1
2024-07-09,106,4.9,0
2024-07-10,107,5.1,1
2024-07-11,100,4.6,0
2024-07-12,112,5.2,1
2024-07-13,110,4.8,0
2024-07-14,99,5.0,1
2024-07-15,106,4.7,0
2024-07-16,113,5.3,1
2024-07-17,121,4.9,0
2024-07-18,107,5.1,1
2024-07-19,118,4.6,0
2024-07-20,116,5.2,1
2024-07-21,108,4.8,0
2024-07-22,110,5.0,1
2024-07-23,105,4.9,0
2024-07-24,112,5.1,1
2024-07-25,113,4.6,0
2024-07-26,99,5.3,1
2024-07-27,106,5.0,0
2024-07-28,108,4.7,1
2024-07-29,111,5.2,0
2024-07-30,110,4.9,1
2024-07-31,102,5.1,0
2024-08-01,112,4.6,1
2024-08-02,105,5.3,0
2024-08-03,118,4.8,1
2024-08-04,110,5.0,0
2024-08-05,102,4.7,1
2024-08-06,120,5.1,0
2024-08-07,114,4.9,1
2024-08-08,106,5.2,0
2024-08-09,101,4.8,1
2024-08-10,107,5.0,0
2024-08-11,99,4.6,1
2024-08-12,113,5.1,0
2024-08-13,116,4.7,1
2024-08-14,109,5.2,0
2024-08-15,115,4.9,1
2024-08-16,108,5.0,0
2024-08-17,111,4.6,1
2024-08-18,110,5.3,0
2024-08-19,119,4.8,1
2024-08-20,117,5.1,0
2024-08-21,104,4.7,1
2024-08-22,106,5.0,0
2024-08-23,115,4.9,1
2024-08-24,109,5.3,0
2024-08-25,107,4.8,1
2024-08-26,113,5.1,0
2024-08-27,101,4.6,1
2024-08-28,109,5.2,0
2024-08-29,110,4.9,1
2024-08-30,112,5.0,0
2024-08-31,106,4.7,1
2024-09-01,103,5.1,0
2024-09-02,108,4.8,1
2024-09-03,115,5.0,0
2024-09-04,121,4.7,1
2024-09-05,111,5.2,0
2024-09-06,107,4.8,1
2024-09-07,104,5.1,0
2024-09-08,110,4.6,1
2024-09-09,113,5.2,0
2024-09-10,107,4.9,1
2024-09-11,102,5.0,0
2024-09-12,115,4.7,1
2024-09-13,104,5.3,0
2024-09-14,116,4.9,1
2024-09-15,111,5.1,0
2024-09-16,120,4.8,1
2024-09-17,109,5.2,0
2024-09-18,107,4.9,1
2024-09-19,115,5.0,0
2024-09-20,106,4.6,1
2024-09-21,102,5.3,0
2024-09-22,104,4.7,1
2024-09-23,112,5.1,0
2024-09-24,106,4.9,1
2024-09-25,111,5.0,0
2024-09-26,109,4.8,1
2024-09-27,113,5.3,0
2024-09-28,118,4.6,1
2024-09-29,106,5.1,0
2024-09-30,110,4.7,1
2024-10-01,104,5.2,0
2024-10-02,110,4.9,1
2024-10-03,113,5.0,0
2024-10-04,106,4.8,1
2024-10-05,112,5.3,0
2024-10-06,115,4.7,1
2024-10-07,108,5.0,0
2024-10-08,109,4.9,1
2024-10-09,104,5.1,0
2024-10-10,107,4.8,1
2024-10-11,113,5.2,0
2024-10-12,115,4.7,1
2024-10-13,106,5.0,0
2024-10-14,110,4.9,1
2024-10-15,108,5.1,0
2024-10-16,112,4.7,1
2024-10-17,106,5.2,0
2024-10-18,110,4.8,1
2024-10-19,107,5.0,0
2024-10-20,109,4.9,1
2024-10-21,116,5.1,0
2024-10-22,113,4.8,1
2024-10-23,108,5.2,0
2024-10-24,115,4.7,1
2024-10-25,104,5.3,0
2024-10-26,106,4.9,1
2024-10-27,109,5.0,0
2024-10-28,113,4.8,1
2024-10-29,116,5.2,0
2024-10-30,107,4.9,1
2024-10-31,110,5.0,0
2024-11-01,108,4.7,1
2024-11-02,105,5.3,0
2024-11-03,113,4.8,1
2024-11-04,110,5.1,0
2024-11-05,107,4.9,1
2024-11-06,102,5.0,0
2024-11-07,116,4.7,1
2024-11-08,109,5.2,0
2024-11-09,115,4.8,1
2024-11-10,110,5.0,0
2024-11-11,113,4.6,1
2024-11-12,108,5.3,0
2024-11-13,104,4.9,1
2024-11-14,109,5.0,0
2024-11-15,107,4.7,1
2024-11-16,112,5.2,0
2024-11-17,114,4.8,1
2024-11-18,106,5.0,0
2024-11-19,110,4.6,1
2024-11-20,113,5.3,0
2024-11-21,116,4.9,1
2024-11-22,107,5.1,0
2024-11-23,108,4.7,1
2024-11-24,115,5.0,0
2024-11-25,110,4.8,1
2024-11-26,113,5.3,0
2024-11-27,104,4.9,1
2024-11-28,108,5.1,0
2024-11-29,107,4.7,1
2024-11-30,112,5.0,0
2024-12-01,116,4.6,1
2024-12-02,109,5.3,0
2024-12-03,106,4.9,1
2024-12-04,110,5.0,0
2024-12-05,107,4.8,1
2024-12-06,113,5.1,0
2024-12-07,114,4.7,1
2024-12-08,108,5.0,0
2024-12-09,109,4.9,1
2024-12-10,115,5.3,0
2024-12-11,106,4.8,1
2024-12-12,110,5.1,0
2024-12-13,107,4.7,1
2024-12-14,113,5.0,0
2024-12-15,116,4.9,1
2024-12-16,105,5.2,0
2024-12-17,109,4.7,1
2024-12-18,104,5.1,0
2024-12-19,112,4.8,1
2024-12-20,106,5.0,0
2024-12-21,109,4.6,1
2024-12-22,114,5.3,0
2024-12-23,106,4.9,1
2024-12-24,110,5.1,0
2024-12-25,116,4.8,1
2024-12-26,108,5.0,0
2024-12-27,105,4.9,1
2024-12-28,113,5.3,0
2024-12-29,107,4.8,1
2024-12-30,110,5.1,0
2024-12-31,116,4.7,1
