Date,Rainfall_mm,Soil_Moisture,Landslide
2018-12-01,98,0.79,1
2018-12-02,110,0.35,0
2018-12-03,87,0.52,1
2018-12-04,95,0.83,0
2018-12-05,120,0.33,1
2018-12-06,102,0.42,1
2018-12-07,85,0.33,0
2018-12-08,88,0.21,1
2018-12-09,105,0.65,0
2018-12-10,90,0.39,1
2018-12-11,95,0.33,0
2018-12-12,105,0.42,0
2018-12-13,120,0.79,1
2018-12-14,102,0.52,1
2018-12-15,88,0.83,0
2018-12-16,110,0.39,1
2018-12-17,105,0.35,0
2018-12-18,85,0.79,1
2018-12-19,95,0.33,1
2018-12-20,87,0.65,0
2018-12-21,120,0.33,1
2018-12-22,102,0.42,0
2018-12-23,90,0.33,1
2018-12-24,95,0.52,0
2018-12-25,120,0.39,1
2018-12-26,87,0.79,1
2018-12-27,105,0.35,0
2018-12-28,102,0.83,1
2018-12-29,110,0.39,0
2018-12-30,95,0.42,1
2019-01-01,110,0.21,1
2019-01-02,45,0.52,0
2019-01-03,67,0.35,1
2019-01-04,89,0.79,0
2019-01-05,123,0.33,1
2019-01-06,76,0.39,0
2019-01-07,90,0.33,1
2019-01-08,55,0.42,1
2019-01-09,101,0.79,0
2019-01-10,47,0.65,1
2019-01-11,138,0.42,0
2019-01-12,124,0.33,0
2019-01-13,39,0.39,1
2019-01-14,28,0.52,0
2019-01-15,116,0.79,1
2019-01-16,75,0.83,0
2019-01-17,59,0.33,1
2019-01-18,67,0.65,1
2019-01-19,112,0.33,0
2019-01-20,68,0.52,1
2019-01-21,43,0.79,0
2019-01-22,53,0.42,1
2019-01-23,88,0.35,1
2019-01-24,91,0.33,0
2019-01-25,69,0.65,1
2019-01-26,130,0.39,0
2019-01-27,73,0.33,1
2019-01-28,49,0.79,1
2019-01-29,92,0.42,0
2019-01-30,110,0.35,1
2019-01-31,105,0.39,0
2019-02-01,64,0.33,1
2019-02-02,112,0.65,0
2019-02-03,50,0.42,1
2019-02-04,93,0.33,1
2019-02-05,78,0.52,0
2019-02-06,33,0.79,1
2019-02-07,61,0.33,0
2019-02-08,40,0.83,1
2019-02-09,100,0.39,0
2019-02-10,21,0.35,1
2019-02-11,121,0.52,0
2019-02-12,75,0.33,1
2019-02-13,67,0.79,1
2019-02-14,130,0.42,0
2019-02-15,119,0.65,1
2019-02-16,93,0.33,0
2019-02-17,58,0.39,1
2019-02-18,102,0.52,0
2019-02-19,44,0.33,1
2019-02-20,133,0.79,0
2019-02-21,126,0.33,1
2019-02-22,92,0.42,0
2019-02-23,55,0.52,1
2019-02-24,70,0.39,0
2019-02-25,59,0.33,1
2019-02-26,84,0.79,0
2019-02-27,72,0.42,1
2019-02-28,112,0.65,0
2019-03-01,96,0.35,1
2019-03-02,65,0.52,0
2019-03-03,120,0.39,1
2019-03-04,36,0.65,0
2019-03-05,56,0.42,1
2019-03-06,127,0.79,0
2019-03-07,108,0.33,1
2019-03-08,91,0.39,0
2019-03-09,110,0.52,1
2019-03-10,120,0.79,0
2019-03-11,78,0.33,1
2019-03-12,55,0.42,0
2019-03-13,118,0.35,1
2019-03-14,102,0.65,0
2019-03-15,66,0.39,1
2019-03-16,127,0.33,0
2019-03-17,80,0.42,1
2019-03-18,59,0.33,0
2019-03-19,47,0.52,1
2019-03-20,89,0.79,0
2019-03-21,93,0.39,1
2019-03-22,107,0.42,0
2019-03-23,67,0.35,1
2019-03-24,52,0.79,0
2019-03-25,85,0.33,1
2019-03-26,101,0.39,0
2019-03-27,56,0.52,1
2019-03-28,115,0.65,0
2019-03-29,109,0.39,1
2019-03-30,102,0.79,0
2019-03-31,76,0.42,1
2019-04-01,108,0.33,1
2019-04-02,42,0.79,0
2019-04-03,110,0.39,1
2019-04-04,94,0.35,0
2019-04-05,118,0.42,1
2019-04-06,55,0.52,0
2019-04-07,85,0.33,1
2019-04-08,40,0.79,0
2019-04-09,62,0.39,1
2019-04-10,121,0.42,0
2019-04-11,106,0.33,1
2019-04-12,44,0.79,0
2019-04-13,103,0.33,1
2019-04-14,57,0.65,0
2019-04-15,76,0.39,1
2019-04-16,51,0.42,0
2019-04-17,119,0.35,1
2019-04-18,91,0.52,0
2019-04-19,71,0.79,1
2019-04-20,66,0.39,0
2019-04-21,40,0.42,1
2019-04-22,90,0.35,0
2019-04-23,109,0.79,1
2019-04-24,112,0.33,0
2019-04-25,82,0.39,1
2019-04-26,120,0.52,0
2019-04-27,79,0.33,1
2019-04-28,43,0.42,0
2019-04-29,58,0.79,1
2019-04-30,100,0.33,0
2019-05-01,104,0.39,1
2019-05-02,56,0.33,0
2019-05-03,98,0.79,1
2019-05-04,83,0.65,0
2019-05-05,44,0.52,1
2019-05-06,120,0.42,0
2019-05-07,116,0.33,1
2019-05-08,75,0.52,0
2019-05-09,94,0.33,1
2019-05-10,64,0.65,0
2019-05-11,62,0.39,1
2019-05-12,116,0.33,0
2019-05-13,111,0.52,1
2019-05-14,68,0.79,0
2019-05-15,105,0.39,1
2019-05-16,123,0.33,0
2019-05-17,58,0.65,1
2019-05-18,72,0.33,0
2019-05-19,97,0.52,1
2019-05-20,60,0.39,0
2019-05-21,88,0.42,1
2019-05-22,115,0.35,0
2019-05-23,48,0.79,1
2019-05-24,96,0.33,0
2019-05-25,105,0.52,1
2019-05-26,90,0.42,0
2019-05-27,119,0.65,1
2019-05-28,75,0.39,0
2019-05-29,107,0.33,1
2019-05-30,49,0.35,0
2019-05-31,122,0.79,1
2019-06-01,92,0.39,0
2019-06-02,77,0.42,1
2019-06-03,110,0.79,0
2019-06-04,55,0.35,1
2019-06-05,61,0.33,0
2019-06-06,113,0.52,1
2019-06-07,88,0.39,0
2019-06-08,75,0.79,1
2019-06-09,116,0.33,0
2019-06-10,48,0.42,1
2019-06-11,91,0.35,0
2019-06-12,102,0.33,1
2019-06-13,107,0.65,0
2019-06-14,41,0.42,1
2019-06-15,84,0.39,0
2019-06-16,79,0.79,1
2019-06-17,125,0.35,0
2019-06-18,99,0.33,1
2019-06-19,118,0.52,0
2019-06-20,121,0.42,1
2019-06-21,59,0.39,0
2019-06-22,92,0.35,1
2019-06-23,64,0.79,0
2019-06-24,45,0.33,1
2019-06-25,110,0.79,0
2019-06-26,79,0.33,1
2019-06-27,98,0.39,0
2019-06-28,112,0.42,1
2019-06-29,63,0.33,0
2019-06-30,97,0.52,1
2019-07-01,65,0.39,0
2019-07-02,104,0.42,1
2019-07-03,92,0.33,0
2019-07-04,45,0.39,1
2019-07-05,76,0.42,0
2019-07-06,56,0.52,1
2019-07-07,120,0.35,0
2019-07-08,65,0.42,1
2019-07-09,107,0.39,0
2019-07-10,116,0.33,1
2019-07-11,99,0.65,0
2019-07-12,48,0.33,1
2019-07-13,83,0.79,0
2019-07-14,90,0.42,1
2019-07-15,105,0.35,0
2019-07-16,56,0.79,1
2019-07-17,71,0.39,0
2019-07-18,108,0.42,1
2019-07-19,121,0.33,0
2019-07-20,92,0.39,1
2019-07-21,66,0.35,0
2019-07-22,103,0.79,1
2019-07-23,89,0.42,0
2019-07-24,76,0.33,1
2019-07-25,104,0.52,0
2019-07-26,59,0.39,1
2019-07-27,124,0.35,0
2019-07-28,47,0.79,1
2019-07-29,91,0.42,0
2019-07-30,72,0.52,1
2019-07-31,98,0.33,0
2019-08-01,86,0.39,1
2019-08-02,104,0.33,0
2019-08-03,79,0.79,1
2019-08-04,67,0.42,0
2019-08-05,102,0.39,1
2019-08-06,58,0.35,0
2019-08-07,55,0.79,1
2019-08-08,124,0.39,0
2019-08-09,99,0.42,1
2019-08-10,107,0.35,0
2019-08-11,84,0.79,1
2019-08-12,108,0.52,0
2019-08-13,93,0.33,1
2019-08-14,81,0.35,0
2019-08-15,92,0.39,1
2019-08-16,112,0.79,0
2019-08-17,60,0.33,1
2019-08-18,74,0.39,0
2019-08-19,120,0.52,1
2019-08-20,106,0.79,0
2019-08-21,71,0.33,1
2019-08-22,85,0.39,0
2019-08-23,110,0.42,1
2019-08-24,44,0.79,0
2019-08-25,119,0.39,1
2019-08-26,100,0.39,0
2019-08-27,57,0.35,1
2019-08-28,95,0.52,0
2019-08-29,113,0.42,1
2019-08-30,105,0.35,0
2019-08-31,74,0.33,1
2019-09-01,69,0.39,0
2019-09-02,116,0.33,1
2019-09-03,106,0.52,0
2019-09-04,85,0.42,1
2019-09-05,40,0.33,0
2019-09-06,110,0.39,1
2019-09-07,76,0.65,0
2019-09-08,104,0.42,1
2019-09-09,94,0.79,0
2019-09-10,99,0.35,1
2019-09-11,108,0.33,0
2019-09-12,45,0.42,1
2019-09-13,98,0.35,0
2019-09-14,113,0.42,1
2019-09-15,75,0.52,0
2019-09-16,91,0.33,1
2019-09-17,89,0.39,0
2019-09-18,126,0.33,1
2019-09-19,113,0.65,0
2019-09-20,110,0.39,1
2019-09-21,52,0.33,0
2019-09-22,103,0.42,1
2019-09-23,97,0.33,0
2019-09-24,61,0.35,1
2019-09-25,118,0.79,0
2019-09-26,44,0.52,1
2019-09-27,60,0.33,0
2019-09-28,109,0.39,1
2019-09-29,112,0.33,0
2019-09-30,80,0.79,1
2019-10-01,101,0.39,0
2019-10-02,124,0.79,1
2019-10-03,57,0.42,0
2019-10-04,104,0.35,1
2019-10-05,78,0.52,0
2019-10-06,115,0.33,1
2019-10-07,66,0.79,0
2019-10-08,103,0.42,1
2019-10-09,107,0.33,0
2019-10-10,54,0.79,1
2019-10-11,89,0.42,0
2019-10-12,124,0.33,1
2019-10-13,95,0.65,0
2019-10-14,63,0.33,1
2019-10-15,108,0.35,0
2019-10-16,66,0.79,1
2019-10-17,82,0.39,0
2019-10-18,110,0.39,1
2019-10-19,58,0.35,0
2019-10-20,105,0.33,1
2019-10-21,95,0.39,0
2019-10-22,100,0.42,1
2019-10-23,69,0.52,0
2019-10-24,113,0.33,1
2019-10-25,70,0.39,0
2019-10-26,112,0.79,1
2019-10-27,110,0.52,0
2019-10-28,79,0.42,1
2019-10-29,88,0.33,0
2019-10-30,45,0.52,1
2019-10-31,82,0.39,0
2019-11-01,99,0.35,1
2019-11-02,63,0.52,0
2019-11-03,122,0.33,1
2019-11-04,115,0.42,0
2019-11-05,98,0.33,1
2019-11-06,66,0.42,0
2019-11-07,108,0.33,1
2019-11-08,113,0.39,0
2019-11-09,77,0.39,1
2019-11-10,40,0.33,0
2019-11-11,124,0.35,1
2019-11-12,95,0.33,0
2019-11-13,61,0.39,1
2019-11-14,113,0.52,0
2019-11-15,82,0.33,1
2019-11-16,104,0.39,0
2019-11-17,55,0.33,1
2019-11-18,107,0.52,0
2019-11-19,115,0.39,1
2019-11-20,88,0.52,0
2019-11-21,72,0.33,1
2019-11-22,108,0.39,0
2019-11-23,79,0.33,1
2019-11-24,101,0.35,0
2019-11-25,109,0.79,1
2019-11-26,120,0.33,0
2019-11-27,80,0.42,1
2019-11-28,54,0.33,0
2019-11-29,118,0.79,1
2019-11-30,66,0.52,0
2019-12-01,112,0.33,1
2019-12-02,56,0.42,0
2019-12-03,78,0.39,1
2019-12-04,101,0.35,0
2019-12-05,109,0.33,1
2019-12-06,111,0.79,0
2019-12-07,95,0.39,1
2019-12-08,102,0.33,0
2019-12-09,87,0.52,1
2019-12-10,75,0.42,0
2019-12-11,64,0.33,1
2019-12-12,81,0.39,0
2019-12-13,115,0.52,1
2019-12-14,67,0.33,0
2019-12-15,100,0.42,1
2019-12-16,108,0.79,0
2019-12-17,104,0.33,1
2019-12-18,87,0.35,0
2019-12-19,92,0.42,1
2019-12-20,120,0.33,0
2019-12-21,116,0.52,1
2019-12-22,110,0.39,0
2019-12-23,78,0.42,1
2019-12-24,109,0.33,0
2019-12-25,92,0.35,1
2019-12-26,102,0.79,0
2019-12-27,63,0.39,1
2019-12-28,109,0.33,0
2019-12-29,110,0.42,1
2019-12-30,65,0.33,0
2019-12-31,77,0.52,1
2020-01-01,95,0.39,0
2020-01-02,60,0.35,1
2020-01-03,78,0.42,0
2020-01-04,85,0.33,1
2020-01-05,72,0.79,0
2020-01-06,64,0.42,1
2020-01-07,90,0.33,0
2020-01-08,120,0.39,1
2020-01-09,80,0.33,0
2020-01-10,68,0.52,1
2020-01-11,97,0.42,0
2020-01-12,73,0.79,1
2020-01-13,88,0.33,0
2020-01-14,66,0.39,1
2020-01-15,102,0.52,0
2020-01-16,58,0.33,1
2020-01-17,75,0.42,0
2020-01-18,87,0.33,1
2020-01-19,64,0.35,0
2020-01-20,92,0.52,1
2020-01-21,70,0.39,0
2020-01-22,89,0.33,1
2020-01-23,78,0.42,0
2020-01-24,83,0.39,1
2020-01-25,56,0.52,0
2020-01-26,105,0.33,1
2020-01-27,74,0.35,0
2020-01-28,66,0.42,1
2020-01-29,85,0.39,0
2020-01-30,98,0.33,1
2020-01-31,72,0.79,0
2020-02-01,89,0.52,1
2020-02-02,62,0.42,0
2020-02-03,97,0.33,1
2020-02-04,68,0.39,0
2020-02-05,74,0.42,1
2020-02-06,85,0.79,0
2020-02-07,108,0.33,1
2020-02-08,92,0.35,0
2020-02-09,63,0.42,1
2020-02-10,88,0.39,0
2020-02-11,70,0.33,1
2020-02-12,76,0.52,0
2020-02-13,94,0.79,1
2020-02-14,69,0.33,0
2020-02-15,87,0.39,1
2020-02-16,71,0.35,0
2020-02-17,100,0.33,1
2020-02-18,66,0.42,0
2020-02-19,80,0.33,1
2020-02-20,93,0.52,0
2020-02-21,85,0.79,1
2020-02-22,78,0.39,0
2020-02-23,59,0.33,1
2020-02-24,109,0.42,0
2020-02-25,70,0.35,1
2020-02-26,77,0.52,0
2020-02-27,84,0.33,1
2020-02-28,102,0.39,0
2020-02-29,68,0.42,1
2020-03-01,90,0.33,1
2020-03-02,72,0.79,0
2020-03-03,105,0.39,1
2020-03-04,66,0.52,0
2020-03-05,75,0.33,1
2020-03-06,88,0.35,0
2020-03-07,60,0.42,1
2020-03-08,99,0.39,0
2020-03-09,78,0.33,1
2020-03-10,83,0.52,0
2020-03-11,62,0.42,1
2020-03-12,104,0.35,0
2020-03-13,71,0.39,1
2020-03-14,68,0.33,0
2020-03-15,86,0.52,1
2020-03-16,91,0.79,0
2020-03-17,72,0.42,1
2020-03-18,99,0.39,0
2020-03-19,68,0.33,1
2020-03-20,87,0.42,0
2020-03-21,65,0.33,1
2020-03-22,100,0.39,0
2020-03-23,75,0.52,1
2020-03-24,79,0.35,0
2020-03-25,62,0.79,1
2020-03-26,108,0.33,0
2020-03-27,70,0.39,1
2020-03-28,88,0.33,0
2020-03-29,74,0.42,1
2020-03-30,90,0.79,0
2020-03-31,77,0.39,1
2020-04-01,95,0.42,0
2020-04-02,67,0.33,1
2020-04-03,84,0.35,0
2020-04-04,102,0.42,1
2020-04-05,71,0.39,0
2020-04-06,76,0.33,1
2020-04-07,89,0.52,0
2020-04-08,63,0.35,1
2020-04-09,100,0.33,0
2020-04-10,78,0.52,1
2020-04-11,83,0.33,0
2020-04-12,66,0.79,1
2020-04-13,104,0.42,0
2020-04-14,73,0.33,1
2020-04-15,81,0.39,0
2020-04-16,69,0.35,1
2020-04-17,95,0.42,0
2020-04-18,74,0.33,1
2020-04-19,89,0.39,0
2020-04-20,62,0.52,1
2020-04-21,100,0.33,0
2020-04-22,77,0.42,1
2020-04-23,68,0.39,0
2020-04-24,92,0.33,1
2020-04-25,86,0.52,0
2020-04-26,103,0.35,1
2020-04-27,78,0.42,0
2020-04-28,72,0.39,1
2020-04-29,88,0.33,0
2020-04-30,65,0.39,1
2020-05-01,94,0.33,0
2020-05-02,70,0.52,1
2020-05-03,81,0.39,0
2020-05-04,68,0.42,1
2020-05-05,104,0.33,0
2020-05-06,72,0.35,1
2020-05-07,95,0.79,0
2020-05-08,64,0.39,1
2020-05-09,78,0.42,0
2020-05-10,89,0.33,1
2020-05-11,66,0.52,0
2020-05-12,100,0.35,1
2020-05-13,74,0.42,0
2020-05-14,86,0.33,1
2020-05-15,62,0.39,0
2020-05-16,104,0.52,1
2020-05-17,80,0.79,0
2020-05-18,75,0.33,1
2020-05-19,67,0.42,0
2020-05-20,98,0.39,1
2020-05-21,72,0.52,0
2020-05-22,89,0.33,1
2020-05-23,60,0.35,0
2020-05-24,100,0.42,1
2020-05-25,79,0.39,0
2020-05-26,66,0.33,1
2020-05-27,92,0.42,0
2020-05-28,88,0.33,1
2020-05-29,74,0.52,0
2020-05-30,84,0.39,1
2020-05-31,69,0.79,0
2020-06-01,90,0.33,1
2020-06-02,63,0.42,0
2020-06-03,100,0.39,1
2020-06-04,80,0.35,0
2020-06-05,68,0.33,1
2020-06-06,97,0.52,0
2020-06-07,72,0.79,1
2020-06-08,104,0.42,0
2020-06-09,74,0.33,1
2020-06-10,81,0.39,0
2020-06-11,66,0.52,1
2020-06-12,95,0.33,0
2020-06-13,78,0.39,1
2020-06-14,84,0.33,0
2020-06-15,63,0.42,1
2020-06-16,100,0.35,0
2020-06-17,77,0.52,1
2020-06-18,69,0.33,0
2020-06-19,92,0.39,1
2020-06-20,87,0.42,0
2020-06-21,104,0.33,1
2020-06-22,75,0.52,0
2020-06-23,68,0.39,1
2020-06-24,84,0.42,0
2020-06-25,90,0.35,1
2020-06-26,67,0.33,0
2020-06-27,96,0.52,1
2020-06-28,74,0.39,0
2020-06-29,85,0.33,1
2020-06-30,64,0.42,0
2020-07-01,94,0.39,1
2020-07-02,72,0.33,0
2020-07-03,102,0.52,1
2020-07-04,67,0.35,0
2020-07-05,95,0.42,1
2020-07-06,75,0.33,0
2020-07-07,88,0.79,1
2020-07-08,60,0.33,0
2020-07-09,100,0.42,1
2020-07-10,82,0.39,0
2020-07-11,68,0.52,1
2020-07-12,89,0.33,0
2020-07-13,76,0.39,1
2020-07-14,104,0.42,0
2020-07-15,74,0.33,1
2020-07-16,78,0.52,0
2020-07-17,63,0.35,1
2020-07-18,95,0.42,0
2020-07-19,89,0.33,1
2020-07-20,70,0.39,0
2020-07-21,84,0.79,1
2020-07-22,100,0.33,0
2020-07-23,60,0.39,1
2020-07-24,103,0.42,0
2020-07-25,74,0.33,1
2020-07-26,81,0.39,0
2020-07-27,66,0.52,1
2020-07-28,104,0.33,0
2020-07-29,67,0.42,1
2020-07-30,86,0.33,0
2020-07-31,75,0.39,1
2020-08-01,95,0.52,0
2020-08-02,69,0.33,1
2020-08-03,102,0.35,0
2020-08-04,72,0.39,1
2020-08-05,90,0.33,0
2020-08-06,80,0.52,1
2020-08-07,68,0.42,0
2020-08-08,100,0.35,1
2020-08-09,88,0.33,0
2020-08-10,66,0.42,1
2020-08-11,89,0.33,0
2020-08-12,74,0.39,1
2020-08-13,81,0.52,0
2020-08-14,76,0.42,1
2020-08-15,98,0.39,0
2020-08-16,63,0.33,1
2020-08-17,95,0.52,0
2020-08-18,75,0.33,1
2020-08-19,89,0.35,0
2020-08-20,70,0.42,1
2020-08-21,62,0.39,0
2020-08-22,87,0.33,1
2020-08-23,76,0.52,0
2020-08-24,90,0.39,1
2020-08-25,80,0.42,0
2020-08-26,104,0.33,1
2020-08-27,72,0.39,0
2020-08-28,68,0.52,1
2020-08-29,92,0.42,0
2020-08-30,75,0.33,1
2020-08-31,89,0.39,0
2020-09-01,60,0.33,1
2020-09-02,100,0.42,0
2020-09-03,77,0.39,1
2020-09-04,66,0.52,0
2020-09-05,84,0.35,1
2020-09-06,94,0.33,0
2020-09-07,67,0.42,1
2020-09-08,81,0.39,0
2020-09-09,73,0.33,1
2020-09-10,108,0.52,0
2020-09-11,74,0.39,1
2020-09-12,69,0.33,0
2020-09-13,88,0.42,1
2020-09-14,63,0.39,0
2020-09-15,95,0.33,1
2020-09-16,82,0.42,0
2020-09-17,71,0.35,1
2020-09-18,104,0.33,0
2020-09-19,60,0.39,1
2020-09-20,103,0.52,0
2020-09-21,77,0.33,1
2020-09-22,64,0.42,0
2020-09-23,94,0.35,1
2020-09-24,75,0.39,0
2020-09-25,89,0.33,1
2020-09-26,70,0.42,0
2020-09-27,102,0.33,1
2020-09-28,66,0.39,0
2020-09-29,84,0.52,1
2020-09-30,79,0.42,0
2020-10-01,87,0.39,1
2020-10-02,62,0.33,0
2020-10-03,100,0.52,1
2020-10-04,78,0.39,0
2020-10-05,65,0.42,1
2020-10-06,90,0.33,0
2020-10-07,76,0.52,1
2020-10-08,104,0.42,0
2020-10-09,74,0.35,1
2020-10-10,81,0.33,0
2020-10-11,63,0.39,1
2020-10-12,94,0.42,0
2020-10-13,70,0.33,1
2020-10-14,86,0.52,0
2020-10-15,72,0.33,1
2020-10-16,98,0.39,0
2020-10-17,64,0.42,1
2020-10-18,95,0.33,0
2020-10-19,77,0.52,1
2020-10-20,89,0.35,0
2020-10-21,75,0.39,1
2020-10-22,100,0.42,0
2020-10-23,62,0.33,1
2020-10-24,103,0.39,0
2020-10-25,68,0.52,1
2020-10-26,84,0.42,0
2020-10-27,71,0.33,1
2020-10-28,94,0.39,0
2020-10-29,78,0.52,1
2020-10-30,87,0.42,0
2020-10-31,60,0.33,1
2020-11-01,102,0.39,0
2020-11-02,66,0.52,1
2020-11-03,90,0.33,0
2020-11-04,82,0.39,1
2020-11-05,68,0.42,0
2020-11-06,95,0.33,1
2020-11-07,74,0.39,0
2020-11-08,108,0.52,1
2020-11-09,63,0.42,0
2020-11-10,94,0.33,1
2020-11-11,72,0.39,0
2020-11-12,89,0.52,1
2020-11-13,67,0.42,0
2020-11-14,100,0.33,1
2020-11-15,79,0.39,0
2020-11-16,81,0.33,1
2020-11-17,65,0.42,0
2020-11-18,103,0.39,1
2020-11-19,75,0.33,0
2020-11-20,90,0.52,1
2020-11-21,60,0.42,0
2020-11-22,102,0.39,1
2020-11-23,76,0.33,0
2020-11-24,84,0.52,1
2020-11-25,68,0.39,0
2020-11-26,94,0.33,1
2020-11-27,77,0.42,0
2020-11-28,86,0.39,1
2020-11-29,62,0.52,0
2020-11-30,100,0.33,1
2020-12-01,74,0.39,0
2020-12-02,89,0.42,1
2020-12-03,67,0.33,0
2020-12-04,95,0.39,1
2020-12-05,81,0.52,0
2020-12-06,90,0.42,1
2020-12-07,72,0.39,0
2020-12-08,104,0.33,1
2020-12-09,65,0.52,0
2020-12-10,94,0.33,1
2020-12-11,69,0.39,0
2020-12-12,87,0.42,1
2020-12-13,63,0.52,0
2020-12-14,100,0.33,1
2020-12-15,77,0.39,0
2020-12-16,84,0.42,1
2020-12-17,68,0.33,0
2020-12-18,102,0.39,1
2020-12-19,75,0.33,0
2020-12-20,92,0.52,1
2020-12-21,64,0.39,0
2020-12-22,95,0.42,1
2020-12-23,78,0.33,0
2020-12-24,89,0.39,1
2020-12-25,70,0.42,0
2020-12-26,108,0.33,1
2020-12-27,63,0.52,0
2020-12-28,97,0.39,1
2020-12-29,76,0.42,0
2020-12-30,86,0.33,1
2020-12-31,72,0.39,0
2021-01-01,85,0.33,1
2021-01-02,64,0.52,0
2021-01-03,102,0.42,1
2021-01-04,78,0.39,0
2021-01-05,89,0.33,1
2021-01-06,70,0.52,0
2021-01-07,90,0.42,1
2021-01-08,81,0.33,0
2021-01-09,66,0.39,1
2021-01-10,104,0.52,0
2021-01-11,72,0.33,1
2021-01-12,95,0.39,0
2021-01-13,64,0.42,1
2021-01-14,87,0.33,0
2021-01-15,75,0.39,1
2021-01-16,102,0.52,0
2021-01-17,60,0.42,1
2021-01-18,97,0.33,0
2021-01-19,68,0.39,1
2021-01-20,89,0.33,0
2021-01-21,63,0.42,1
2021-01-22,100,0.39,0
2021-01-23,79,0.33,1
2021-01-24,86,0.52,0
2021-01-25,67,0.39,1
2021-01-26,104,0.33,0
2021-01-27,74,0.42,1
2021-01-28,90,0.33,0
2021-01-29,62,0.52,1
2021-01-30,98,0.42,0
2021-01-31,77,0.33,1
2021-02-01,83,0.39,0
2021-02-02,64,0.33,1
2021-02-03,105,0.39,0
2021-02-04,80,0.52,1
2021-02-05,92,0.42,0
2021-02-06,66,0.33,1
2021-02-07,103,0.39,0
2021-02-08,71,0.33,1
2021-02-09,87,0.42,0
2021-02-10,69,0.52,1
2021-02-11,102,0.39,0
2021-02-12,76,0.33,1
2021-02-13,84,0.52,0
2021-02-14,68,0.39,1
2021-02-15,108,0.42,0
2021-02-16,63,0.33,1
2021-02-17,95,0.39,0
2021-02-18,74,0.42,1
2021-02-19,90,0.33,0
2021-02-20,60,0.52,1
2021-02-21,100,0.39,0
2021-02-22,79,0.33,1
2021-02-23,85,0.42,0
2021-02-24,64,0.39,1
2021-02-25,107,0.33,0
2021-02-26,70,0.52,1
2021-02-27,94,0.39,0
2021-02-28,67,0.33,1
2021-03-01,103,0.42,0
2021-03-02,76,0.39,1
2021-03-03,89,0.33,0
2021-03-04,62,0.42,1
2021-03-05,105,0.33,0
2021-03-06,75,0.39,1
2021-03-07,92,0.52,0
2021-03-08,68,0.39,1
2021-03-09,108,0.33,0
2021-03-10,64,0.52,1
2021-03-11,98,0.42,0
2021-03-12,73,0.39,1
2021-03-13,85,0.33,0
2021-03-14,69,0.39,1
2021-03-15,102,0.33,0
2021-03-16,80,0.42,1
2021-03-17,88,0.39,0
2021-03-18,67,0.33,1
2021-03-19,104,0.52,0
2021-03-20,74,0.39,1
2021-03-21,92,0.33,0
2021-03-22,66,0.42,1
2021-03-23,101,0.33,0
2021-03-24,71,0.39,1
2021-03-25,86,0.42,0
2021-03-26,62,0.33,1
2021-03-27,108,0.39,0
2021-03-28,68,0.52,1
2021-03-29,90,0.33,0
2021-03-30,60,0.39,1
2021-03-31,100,0.42,0
2021-04-01,79,0.33,1
2021-04-02,87,0.52,0
2021-04-03,64,0.39,1
2021-04-04,102,0.33,0
2021-04-05,74,0.42,1
2021-04-06,95,0.33,0
2021-04-07,66,0.39,1
2021-04-08,103,0.42,0
2021-04-09,70,0.33,1
2021-04-10,92,0.39,0
2021-04-11,63,0.33,1
2021-04-12,108,0.52,0
2021-04-13,75,0.42,1
2021-04-14,86,0.39,0
2021-04-15,69,0.33,1
2021-04-16,104,0.42,0
2021-04-17,64,0.39,1
2021-04-18,98,0.33,0
2021-04-19,78,0.52,1
2021-04-20,85,0.39,0
2021-04-21,60,0.33,1
2021-04-22,103,0.42,0
2021-04-23,67,0.33,1
2021-04-24,89,0.39,0
2021-04-25,64,0.42,1
2021-04-26,108,0.33,0
2021-04-27,76,0.39,1
2021-04-28,90,0.52,0
2021-04-29,72,0.33,1
2021-04-30,107,0.39,0
2021-05-01,84,0.42,1
2021-05-02,68,0.33,0
2021-05-03,96,0.39,1
2021-05-04,72,0.33,0
2021-05-05,109,0.52,1
2021-05-06,77,0.39,0
2021-05-07,91,0.33,1
2021-05-08,66,0.42,0
2021-05-09,105,0.33,1
2021-05-10,74,0.39,0
2021-05-11,88,0.42,1
2021-05-12,62,0.33,0
2021-05-13,103,0.52,1
2021-05-14,69,0.39,0
2021-05-15,87,0.33,1
2021-05-16,65,0.42,0
2021-05-17,108,0.39,1
2021-05-18,71,0.33,0
2021-05-19,92,0.52,1
2021-05-20,64,0.39,0
2021-05-21,106,0.33,1
2021-05-22,75,0.42,0
2021-05-23,85,0.33,1
2021-05-24,70,0.39,0
2021-05-25,102,0.42,1
2021-05-26,68,0.33,0
2021-05-27,93,0.39,1
2021-05-28,67,0.52,0
2021-05-29,108,0.33,1
2021-05-30,74,0.39,0
2021-05-31,89,0.42,1
2021-06-01,60,0.33,0
2021-06-02,100,0.39,1
2021-06-03,79,0.42,0
2021-06-04,88,0.33,1
2021-06-05,63,0.39,0
2021-06-06,104,0.52,1
2021-06-07,70,0.33,0
2021-06-08,94,0.42,1
2021-06-09,66,0.33,0
2021-06-10,107,0.39,1
2021-06-11,75,0.42,0
2021-06-12,83,0.39,1
2021-06-13,61,0.33,0
2021-06-14,103,0.52,1
2021-06-15,72,0.39,0
2021-06-16,89,0.33,1
2021-06-17,64,0.42,0
2021-06-18,108,0.33,1
2021-06-19,69,0.39,0
2021-06-20,92,0.52,1
2021-06-21,68,0.39,0
2021-06-22,106,0.33,1
2021-06-23,74,0.42,0
2021-06-24,85,0.33,1
2021-06-25,62,0.39,0
2021-06-26,102,0.52,1
2021-06-27,79,0.39,0
2021-06-28,87,0.33,1
2021-06-29,65,0.42,0
2021-06-30,104,0.33,1
2021-07-01,76,0.39,0
2021-07-02,94,0.42,1
2021-07-03,68,0.33,0
2021-07-04,100,0.52,1
2021-07-05,73,0.39,0
2021-07-06,89,0.33,1
2021-07-07,61,0.42,0
2021-07-08,103,0.33,1
2021-07-09,74,0.39,0
2021-07-10,92,0.52,1
2021-07-11,60,0.39,0
2021-07-12,107,0.33,1
2021-07-13,70,0.42,0
2021-07-14,83,0.33,1
2021-07-15,65,0.39,0
2021-07-16,102,0.52,1
2021-07-17,72,0.39,0
2021-07-18,90,0.33,1
2021-07-19,63,0.42,0
2021-07-20,108,0.33,1
2021-07-21,75,0.39,0
2021-07-22,87,0.52,1
2021-07-23,64,0.33,0
2021-07-24,103,0.39,1
2021-07-25,69,0.42,0
2021-07-26,94,0.33,1
2021-07-27,67,0.52,0
2021-07-28,106,0.33,1
2021-07-29,74,0.39,0
2021-07-30,88,0.42,1
2021-07-31,62,0.33,0
2021-08-01,100,0.39,1
2021-08-02,79,0.52,0
2021-08-03,91,0.39,1
2021-08-04,64,0.33,0
2021-08-05,107,0.42,1
2021-08-06,70,0.33,0
2021-08-07,85,0.39,1
2021-08-08,66,0.42,0
2021-08-09,102,0.33,1
2021-08-10,76,0.39,0
2021-08-11,90,0.52,1
2021-08-12,65,0.33,0
2021-08-13,108,0.42,1
2021-08-14,72,0.33,0
2021-08-15,84,0.39,1
2021-08-16,61,0.52,0
2021-08-17,103,0.39,1
2021-08-18,74,0.33,0
2021-08-19,92,0.42,1
2021-08-20,64,0.33,0
2021-08-21,105,0.39,1
2021-08-22,78,0.42,0
2021-08-23,85,0.33,1
2021-08-24,63,0.39,0
2021-08-25,100,0.42,1
2021-08-26,70,0.33,0
2021-08-27,87,0.52,1
2021-08-28,66,0.39,0
2021-08-29,103,0.33,1
2021-08-30,75,0.42,0
2021-08-31,89,0.33,1
2021-09-01,62,0.39,0
2021-09-01,62,0.42,0
2021-09-02,102,0.52,1
2021-09-02,102,0.33,1
2021-09-03,69,0.33,0
2021-09-03,69,0.39,0
2021-09-04,93,0.42,1
2021-09-04,93,0.33,1
2021-09-05,67,0.39,0
2021-09-05,67,0.52,0
2021-09-06,108,0.33,1
2021-09-06,108,0.39,1
2021-09-07,74,0.42,0
2021-09-07,74,0.33,0
2021-09-08,91,0.33,1
2021-09-08,91,0.52,1
2021-09-09,61,0.39,0
2021-09-09,61,0.42,0
2021-09-10,100,0.52,1
2021-09-10,100,0.33,1
2021-09-11,78,0.39,0
2021-09-11,78,0.39,0
2021-09-12,85,0.33,1
2021-09-12,85,0.33,1
2021-09-13,63,0.42,0
2021-09-13,63,0.42,0
2021-09-14,103,0.33,1
2021-09-14,103,0.33,1
2021-09-15,74,0.39,0
2021-09-15,74,0.39,0
2021-09-16,88,0.52,1
2021-09-16,88,0.52,1
2021-09-17,68,0.33,0
2021-09-17,68,0.33,0
2021-09-18,106,0.42,1
2021-09-18,106,0.42,1
2021-09-19,64,0.33,0
2021-09-19,64,0.39,0
2021-09-20,93,0.39,1
2021-09-20,93,0.33,1
2021-09-21,66,0.42,0
2021-09-21,66,0.39,0
2021-09-22,105,0.33,1
2021-09-22,105,0.42,1
2021-09-23,75,0.39,0
2021-09-23,75,0.33,0
2021-09-24,87,0.52,1
2021-09-24,87,0.39,1
2021-09-25,65,0.33,0
2021-09-25,65,0.33,0
2021-09-26,103,0.39,1
2021-09-26,103,0.52,1
2021-09-27,68,0.42,0
2021-09-27,68,0.33,0
2021-09-28,94,0.33,1
2021-09-28,94,0.42,1
2021-09-29,67,0.52,0
2021-09-29,67,0.52,0
2021-09-30,107,0.39,1
2021-09-30,107,0.39,1
2021-10-01,79,0.33,0
2021-10-01,79,0.33,0
2021-10-02,88,0.42,1
2021-10-02,88,0.52,1
2021-10-03,64,0.33,0
2021-10-03,64,0.39,0
2021-10-04,102,0.39,1
2021-10-04,102,0.33,1
2021-10-05,70,0.52,0
2021-10-05,70,0.39,0
2021-10-06,92,0.33,1
2021-10-06,92,0.42,1
2021-10-07,66,0.42,0
2021-10-07,66,0.33,0
2021-10-08,108,0.33,1
2021-10-08,108,0.39,1
2021-10-09,75,0.39,0
2021-10-09,75,0.33,0
2021-10-10,85,0.52,1
2021-10-10,85,0.42,1
2021-10-11,63,0.33,0
2021-10-11,63,0.52,0
2021-10-12,104,0.42,1
2021-10-12,104,0.33,1
2021-10-13,72,0.33,0
2021-10-13,72,0.39,0
2021-10-14,90,0.39,1
2021-10-14,90,0.33,1
2021-10-15,67,0.52,0
2021-10-15,67,0.39,0
2021-10-16,105,0.39,1
2021-10-16,105,0.42,1
2021-10-17,74,0.33,0
2021-10-17,74,0.33,0
2021-10-18,87,0.42,1
2021-10-18,87,0.39,1
2021-10-19,62,0.33,0
2021-10-19,62,0.52,0
2021-10-20,101,0.39,1
2021-10-20,101,0.42,1
2021-10-21,78,0.52,0
2021-10-21,78,0.39,0
2021-10-22,89,0.33,1
2021-10-22,89,0.33,1
2021-10-23,65,0.39,0
2021-10-23,65,0.52,0
2021-10-24,102,0.42,1
2021-10-24,102,0.33,1
2021-10-25,69,0.33,0
2021-10-25,69,0.39,0
2021-10-26,90,0.52,1
2021-10-26,90,0.33,1
2021-10-27,64,0.33,0
2021-10-27,64,0.52,0
2021-10-28,108,0.39,1
2021-10-28,108,0.42,1
2021-10-29,73,0.42,0
2021-10-29,73,0.39,0
2021-10-30,84,0.33,1
2021-10-30,84,0.33,1
2021-10-31,68,0.39,0
2021-10-31,68,0.42,0
2021-11-01,103,0.52,1
2021-11-01,103,0.33,1
2021-11-02,70,0.39,0
2021-11-02,70,0.39,0
2021-11-03,87,0.33,1
2021-11-03,87,0.33,1
2021-11-04,63,0.42,0
2021-11-04,63,0.39,0
2021-11-05,107,0.33,1
2021-11-05,107,0.52,1
2021-11-06,76,0.39,0
2021-11-06,76,0.33,0
2021-11-07,91,0.42,1
2021-11-07,91,0.42,1
2021-11-08,65,0.33,0
2021-11-08,65,0.33,0
2021-11-09,102,0.39,1
2021-11-09,102,0.39,1
2021-11-10,72,0.52,0
2021-11-10,72,0.42,0
2021-11-11,89,0.33,1
2021-11-11,89,0.33,1
2021-11-12,64,0.42,0
2021-11-12,64,0.39,0
2021-11-13,104,0.33,1
2021-11-13,104,0.52,1
2021-11-14,74,0.39,0
2021-11-14,74,0.33,0
2021-11-15,88,0.52,1
2021-11-15,88,0.42,1
2021-11-16,67,0.39,0
2021-11-16,67,0.39,0
2021-11-17,108,0.33,1
2021-11-17,108,0.33,1
2021-11-18,75,0.42,0
2021-11-18,75,0.52,0
2021-11-19,84,0.33,1
2021-11-19,84,0.42,1
2021-11-20,61,0.39,0
2021-11-20,61,0.33,0
2021-11-21,103,0.42,1
2021-11-21,103,0.39,1
2021-11-22,70,0.33,0
2021-11-22,70,0.42,0
2021-11-23,90,0.39,1
2021-11-23,90,0.39,1
2021-11-24,62,0.42,0
2021-11-24,62,0.33,0
2021-11-25,106,0.33,1
2021-11-25,106,0.39,1
2021-11-26,78,0.52,0
2021-11-26,78,0.33,0
2021-11-27,87,0.39,1
2021-11-27,87,0.42,1
2021-11-28,64,0.33,0
2021-11-28,64,0.33,0
2021-11-29,100,0.42,1
2021-11-29,100,0.39,1
2021-11-30,75,0.33,0
2021-11-30,75,0.52,0
2021-12-01,89,0.52,1
2021-12-02,66,0.33,0
2021-12-03,105,0.39,1
2021-12-04,71,0.42,0
2021-12-05,86,0.33,1
2021-12-06,65,0.39,0
2021-12-07,104,0.52,1
2021-12-08,74,0.42,0
2021-12-09,88,0.39,1
2021-12-10,63,0.33,0
2021-12-11,107,0.33,1
2021-12-12,70,0.42,0
2021-12-13,92,0.52,1
2021-12-14,67,0.39,0
2021-12-15,108,0.42,1
2021-12-16,75,0.33,0
2021-12-17,90,0.39,1
2021-12-18,64,0.52,0
2021-12-19,102,0.39,1
2021-12-20,80,0.33,0
2021-12-21,85,0.52,1
2021-12-22,66,0.39,0
2021-12-23,103,0.42,1
2021-12-24,71,0.39,0
2021-12-25,92,0.33,1
2021-12-26,68,0.39,0
2021-12-27,104,0.42,1
2021-12-28,72,0.52,0
2021-12-29,87,0.33,1
2021-12-30,65,0.42,0
2021-12-31,100,0.39,1
2022-01-01,84,0.33,0
2022-01-02,63,0.39,1
2022-01-03,90,0.42,0
2022-01-04,75,0.33,1
2022-01-05,101,0.52,0
2022-01-06,72,0.39,1
2022-01-07,88,0.33,0
2022-01-08,64,0.42,1
2022-01-09,102,0.39,0
2022-01-10,80,0.33,1
2022-01-11,95,0.42,0
2022-01-12,67,0.33,1
2022-01-13,106,0.52,0
2022-01-14,74,0.39,1
2022-01-15,86,0.33,0
2022-01-16,62,0.42,1
2022-01-17,105,0.33,0
2022-01-18,70,0.39,1
2022-01-19,93,0.52,0
2022-01-20,65,0.39,1
2022-01-21,108,0.33,0
2022-01-22,77,0.39,1
2022-01-23,85,0.42,0
2022-01-24,66,0.33,1
2022-01-25,103,0.52,0
2022-01-26,71,0.39,1
2022-01-27,89,0.33,0
2022-01-28,62,0.42,1
2022-01-29,104,0.39,0
2022-01-30,73,0.33,1
2022-01-31,91,0.52,0
2022-03-01,63,0.33,1
2022-03-02,105,0.52,0
2022-03-03,79,0.39,1
2022-03-04,88,0.33,0
2022-03-05,65,0.39,1
2022-03-06,101,0.42,0
2022-03-07,70,0.33,1
2022-03-08,92,0.52,0
2022-03-09,68,0.39,1
2022-03-10,108,0.33,0
2022-03-11,74,0.42,1
2022-03-12,85,0.33,0
2022-03-13,62,0.39,1
2022-03-14,104,0.52,0
2022-03-15,77,0.39,1
2022-03-16,90,0.33,0
2022-03-17,66,0.42,1
2022-03-18,107,0.52,0
2022-03-19,71,0.39,1
2022-03-20,93,0.33,0
2022-03-21,60,0.42,1
2022-03-22,103,0.39,0
2022-03-23,68,0.33,1
2022-03-24,88,0.52,0
2022-03-25,63,0.33,1
2022-03-26,108,0.39,0
2022-03-27,74,0.33,1
2022-03-28,86,0.42,0
2022-03-29,65,0.52,1
2022-03-30,102,0.39,0
2022-03-31,71,0.33,1
2022-04-01,89,0.39,0
2022-04-02,68,0.52,1
2022-04-03,104,0.42,0
2022-04-04,70,0.33,1
2022-04-05,93,0.39,0
2022-04-06,61,0.33,1
2022-04-07,107,0.42,0
2022-04-08,79,0.39,1
2022-04-09,85,0.33,0
2022-04-10,63,0.52,1
2022-04-11,101,0.33,0
2022-04-12,73,0.42,1
2022-04-13,90,0.39,0
2022-04-14,67,0.52,1
2022-04-15,108,0.33,0
2022-04-16,74,0.42,1
2022-04-17,88,0.33,0
2022-04-18,65,0.39,1
2022-04-19,103,0.42,0
2022-04-20,70,0.39,1
2022-04-21,91,0.33,0
2022-04-22,66,0.52,1
2022-04-23,106,0.33,0
2022-04-24,78,0.39,1
2022-04-25,87,0.42,0
2022-04-26,60,0.39,1
2022-04-27,104,0.33,0
2022-04-28,74,0.52,1
2022-04-29,89,0.39,0
2022-04-30,62,0.33,1
2022-05-01,108,0.39,0
2022-05-02,73,0.42,1
2022-05-03,85,0.33,0
2022-05-04,67,0.39,1
2022-05-05,102,0.33,0
2022-05-06,71,0.52,1
2022-05-07,92,0.39,0
2022-05-08,65,0.33,1
2022-05-09,105,0.42,0
2022-05-10,74,0.33,1
2022-05-11,88,0.39,0
2022-05-12,63,0.33,1
2022-05-13,101,0.39,0
2022-05-14,77,0.52,1
2022-05-15,86,0.33,0
2022-05-16,66,0.42,1
2022-05-17,107,0.39,0
2022-05-18,75,0.33,1
2022-05-19,91,0.39,0
2022-05-20,64,0.42,1
2022-05-21,104,0.33,0
2022-05-22,70,0.52,1
2022-05-23,87,0.33,0
2022-05-24,65,0.39,1
2022-05-25,106,0.42,0
2022-05-26,79,0.33,1
2022-05-27,89,0.39,0
2022-05-28,62,0.52,1
2022-05-29,108,0.39,0
2022-05-30,74,0.33,1
2022-05-31,88,0.42,0
2022-06-01,63,0.35,1
2022-06-02,105,0.67,0
2022-06-03,73,0.45,1
2022-06-04,90,0.11,0
2022-06-05,67,0.56,1
2022-06-06,108,0.21,0
2022-06-07,74,0.71,1
2022-06-08,86,0.87,0
2022-06-09,65,0.98,1
2022-06-10,104,0.45,0
2022-06-11,70,0.67,1
2022-06-12,91,0.21,0
2022-06-13,64,0.56,1
2022-06-14,107,0.87,0
2022-06-15,78,0.35,1
2022-06-16,85,0.71,0
2022-06-17,60,0.11,1
2022-06-18,102,0.42,0
2022-06-19,72,0.56,1
2022-06-20,88,0.67,0
2022-06-21,66,0.98,1
2022-06-22,106,0.45,0
2022-06-23,75,0.35,1
2022-06-24,92,0.87,0
2022-06-25,68,0.21,1
2022-06-26,108,0.71,0
2022-06-27,71,0.98,1
2022-06-28,89,0.67,0
2022-06-29,63,0.11,1
2022-06-30,101,0.56,0
2022-07-01,74,0.45,1
2022-07-02,86,0.21,0
2022-07-03,66,0.87,1
2022-07-04,107,0.35,0
2022-07-05,73,0.42,1
2022-07-06,90,0.67,0
2022-07-07,64,0.98,1
2022-07-08,103,0.56,0
2022-07-09,78,0.71,1
2022-07-10,85,0.45,0
2022-07-11,62,0.87,1
2022-07-12,102,0.21,0
2022-07-13,70,0.35,1
2022-07-14,88,0.56,0
2022-07-15,67,0.98,1
2022-07-16,108,0.67,0
2022-07-17,76,0.45,1
2022-07-18,92,0.35,0
2022-07-19,65,0.56,1
2022-07-20,105,0.98,0
2022-07-21,74,0.21,1
2022-07-22,87,0.71,0
2022-07-23,63,0.87,1
2022-07-24,104,0.11,0
2022-07-25,79,0.45,1
2022-07-26,89,0.56,0
2022-07-27,60,0.21,1
2022-07-28,108,0.67,0
2022-07-29,73,0.87,1
2022-07-30,85,0.98,0
2022-07-31,68,0.71,1
2022-08-01,101,0.35,0
2022-08-02,77,0.42,1
2022-08-03,90,0.56,0
2022-08-04,64,0.45,1
2022-08-05,106,0.67,0
2022-08-06,75,0.87,1
2022-08-07,88,0.98,0
2022-08-08,62,0.21,1
2022-08-09,103,0.35,0
2022-08-10,74,0.42,1
2022-08-11,86,0.56,0
2022-08-12,67,0.67,1
2022-08-13,107,0.71,0
2022-08-14,70,0.11,1
2022-08-15,91,0.45,0
2022-08-16,63,0.21,1
2022-08-17,104,0.35,0
2022-08-18,78,0.87,1
2022-08-19,85,0.67,0
2022-08-20,66,0.56,1
2022-08-21,108,0.71,0
2022-08-22,74,0.45,1
2022-08-23,89,0.98,0
2022-08-24,65,0.87,1
2022-08-25,102,0.11,0
2022-08-26,71,0.56,1
2022-08-27,92,0.42,0
2022-08-28,68,0.67,1
2022-08-29,107,0.35,0
2022-08-30,73,0.87,1
2022-08-31,85,0.21,0
2022-09-01,62,0.71,1
2022-09-02,108,0.98,0
2022-09-03,74,0.45,1
2022-09-04,88,0.56,0
2022-09-05,60,0.67,1
2022-09-06,103,0.35,0
2022-09-07,79,0.87,1
2022-09-08,89,0.21,0
2022-09-09,64,0.45,1
2022-09-10,101,0.71,0
2022-09-11,77,0.56,1
2022-09-12,90,0.98,0
2022-09-13,65,0.67,1
2022-09-14,106,0.45,0
2022-09-15,74,0.87,1
2022-09-16,87,0.56,0
2022-09-17,68,0.21,1
2022-09-18,102,0.98,0
2022-09-19,71,0.35,1
2022-09-20,86,0.71,0
2022-09-21,63,0.45,1
2022-09-22,108,0.56,0
2022-09-23,78,0.67,1
2022-09-24,85,0.87,0
2022-09-25,66,0.21,1
2022-09-26,104,0.35,0
2022-09-27,72,0.71,1
2022-09-28,89,0.98,0
2022-09-29,65,0.45,1
2022-09-30,107,0.56,0
2022-10-01,75,0.87,1
2022-10-02,92,0.21,0
2022-10-03,68,0.71,1
2022-10-04,105,0.45,0
2022-10-05,71,0.56,1
2022-10-06,87,0.67,0
2022-10-07,63,0.35,1
2022-10-08,108,0.42,0
2022-10-09,74,0.87,1
2022-10-10,90,0.98,0
2022-10-11,66,0.45,1
2022-10-12,101,0.56,0
2022-10-13,79,0.35,1
2022-10-14,89,0.21,0
2022-10-15,64,0.98,1
2022-10-16,106,0.67,0
2022-10-17,72,0.45,1
2022-10-18,88,0.71,0
2022-10-19,60,0.87,1
2022-10-20,104,0.56,0
2022-10-21,78,0.42,1
2022-10-22,85,0.67,0
2022-10-23,65,0.98,1
2022-10-24,107,0.21,0
2022-10-25,74,0.45,1
2022-10-26,92,0.56,0
2022-10-27,68,0.71,1
2022-10-28,108,0.35,0
2022-10-29,71,0.87,1
2022-10-30,85,0.42,0
2022-10-31,62,0.67,1
2022-11-01,101,0.21,0
2022-11-02,76,0.56,1
2022-11-03,88,0.35,0
2022-11-04,63,0.87,1
2022-11-05,104,0.45,0
2022-11-06,70,0.71,1
2022-11-07,89,0.98,0
2022-11-08,66,0.56,1
2022-11-09,108,0.21,0
2022-11-10,73,0.45,1
2022-11-11,85,0.35,0
2022-11-12,64,0.67,1
2022-11-13,102,0.87,0
2022-11-14,78,0.56,1
2022-11-15,91,0.71,0
2022-11-16,60,0.42,1
2022-11-17,107,0.35,0
2022-11-18,72,0.87,1
2022-11-19,88,0.21,0
2022-11-20,65,0.45,1
2022-11-21,105,0.56,0
2022-11-22,76,0.67,1
2022-11-23,90,0.71,0
2022-11-24,68,0.87,1
2022-11-25,108,0.98,0
2022-11-26,71,0.35,1
2022-11-27,85,0.21,0
2022-11-28,62,0.42,1
2022-11-29,103,0.67,0
2022-11-30,74,0.98,1
2022-12-01,89,0.56,0
2022-12-02,66,0.87,1
2022-12-03,104,0.45,0
2022-12-04,78,0.67,1
2022-12-05,92,0.21,0
2022-12-06,60,0.42,1
2022-12-07,107,0.98,0
2022-12-08,73,0.56,1
2022-12-09,88,0.45,0
2022-12-10,64,0.71,1
2022-12-11,105,0.35,0
2022-12-12,71,0.87,1
2022-12-13,91,0.42,0
2022-12-14,67,0.67,1
2022-12-15,108,0.56,0
2022-12-16,75,0.98,1
2022-12-17,85,0.21,0
2022-12-18,63,0.45,1
2022-12-19,102,0.71,0
2022-12-20,79,0.56,1
2022-12-21,86,0.87,0
2022-12-22,66,0.42,1
2022-12-23,108,0.67,0
2022-12-24,74,0.35,1
2022-12-25,92,0.21,0
2022-12-26,68,0.45,1
2022-12-27,103,0.56,0
2022-12-28,70,0.98,1
2022-12-29,90,0.71,0
2022-12-30,65,0.42,1
2022-12-31,107,0.35,0
2023-01-01,75,0.56,1
2023-01-02,88,0.42,0
2023-01-03,64,0.67,1
2023-01-04,103,0.98,0
2023-01-05,70,0.21,1
2023-01-06,89,0.35,0
2023-01-07,66,0.71,1
2023-01-08,108,0.56,0
2023-01-09,74,0.42,1
2023-01-10,92,0.87,0
2023-01-11,62,0.67,1
2023-01-12,107,0.35,0
2023-01-13,71,0.21,1
2023-01-14,86,0.56,0
2023-01-15,60,0.71,1
2023-01-16,105,0.42,0
2023-01-17,75,0.98,1
2023-01-18,90,0.45,0
2023-01-19,67,0.87,1
2023-01-20,108,0.67,0
2023-01-21,72,0.21,1
2023-01-22,85,0.98,0
2023-01-23,64,0.45,1
2023-01-24,102,0.56,0
2023-01-25,79,0.87,1
2023-01-26,91,0.71,0
2023-01-27,65,0.42,1
2023-01-28,108,0.35,0
2023-01-29,73,0.67,1
2023-01-30,87,0.56,0
2023-01-31,66,0.98,1
2023-02-01,104,0.42,0
2023-02-02,74,0.35,1
2023-02-03,88,0.87,0
2023-02-04,63,0.21,1
2023-02-05,105,0.56,0
2023-02-06,77,0.42,1
2023-02-07,85,0.67,0
2023-02-08,60,0.98,1
2023-02-09,108,0.45,0
2023-02-10,70,0.56,1
2023-02-11,90,0.71,0
2023-02-12,65,0.87,1
2023-02-13,107,0.21,0
2023-02-14,74,0.42,1
2023-02-15,86,0.56,0
2023-02-16,68,0.35,1
2023-02-17,108,0.71,0
2023-02-18,71,0.98,1
2023-02-19,89,0.67,0
2023-02-20,66,0.45,1
2023-02-21,103,0.56,0
2023-02-22,78,0.87,1
2023-02-23,85,0.42,0
2023-02-24,60,0.71,1
2023-02-25,107,0.35,0
2023-02-26,72,0.21,1
2023-02-27,91,0.42,0
2023-02-28,64,0.67,1
2023-03-01,105,0.98,0
2023-03-02,79,0.56,1
2023-03-03,86,0.45,0
2023-03-04,68,0.87,1
2023-03-05,108,0.71,0
2023-03-06,75,0.35,1
2023-03-07,90,0.42,0
2023-03-08,65,0.56,1
2023-03-09,102,0.87,0
2023-03-10,71,0.67,1
2023-03-11,89,0.21,0
2023-03-12,67,0.45,1
2023-03-13,108,0.56,0
2023-03-14,74,0.42,1
2023-03-15,85,0.35,0
2023-03-16,64,0.67,1
2023-03-17,107,0.98,0
2023-03-18,78,0.21,1
2023-03-19,91,0.87,0
2023-03-20,60,0.56,1
2023-03-21,103,0.42,0
2023-03-22,72,0.71,1
2023-03-23,86,0.45,0
2023-03-24,66,0.35,1
2023-03-25,108,0.98,0
2023-03-26,70,0.67,1
2023-03-27,88,0.42,0
2023-03-28,63,0.87,1
2023-03-29,105,0.56,0
2023-03-30,74,0.71,1
2023-03-31,92,0.21,0
2023-04-01,68,0.42,1
2023-04-02,108,0.56,0
2023-04-03,71,0.98,1
2023-04-04,85,0.67,0
2023-04-05,65,0.21,1
2023-04-06,104,0.35,0
2023-04-07,76,0.45,1
2023-04-08,90,0.71,0
2023-04-09,67,0.87,1
2023-04-10,108,0.56,0
2023-04-11,73,0.42,1
2023-04-12,89,0.67,0
2023-04-13,62,0.98,1
2023-04-14,107,0.35,0
2023-04-15,70,0.21,1
2023-04-16,85,0.45,0
2023-04-17,60,0.87,1
2023-04-18,108,0.56,0
2023-04-19,78,0.71,1
2023-04-20,92,0.42,0
2023-04-21,64,0.67,1
2023-04-22,105,0.21,0
2023-04-23,75,0.98,1
2023-04-24,89,0.56,0
2023-04-25,66,0.35,1
2023-04-26,108,0.71,0
2023-04-27,74,0.45,1
2023-04-28,86,0.42,0
2023-04-29,68,0.87,1
2023-04-30,107,0.67,0
2023-05-01,72,0.56,1
2023-05-02,90,0.42,0
2023-05-03,65,0.71,1
2023-05-04,108,0.98,0
2023-05-05,73,0.35,1
2023-05-06,86,0.56,0
2023-05-07,62,0.21,1
2023-05-08,104,0.42,0
2023-05-09,70,0.87,1
2023-05-10,91,0.67,0
2023-05-11,65,0.35,1
2023-05-12,108,0.21,0
2023-05-13,74,0.45,1
2023-05-14,89,0.56,0
2023-05-15,60,0.98,1
2023-05-16,107,0.42,0
2023-05-17,70,0.67,1
2023-05-18,86,0.35,0
2023-05-19,64,0.71,1
2023-05-20,108,0.56,0
2023-05-21,73,0.42,1
2023-05-22,90,0.45,0
2023-05-23,65,0.98,1
2023-05-24,102,0.67,0
2023-05-25,76,0.35,1
2023-05-26,88,0.56,0
2023-05-27,62,0.42,1
2023-05-28,104,0.21,0
2023-05-29,71,0.87,1
2023-05-30,89,0.45,0
2023-05-31,66,0.71,1
2023-06-01,107,0.56,0
2023-06-02,74,0.21,1
2023-06-03,91,0.45,0
2023-06-04,64,0.87,1
2023-06-05,108,0.67,0
2023-06-06,70,0.42,1
2023-06-07,85,0.71,0
2023-06-08,63,0.56,1
2023-06-09,104,0.98,0
2023-06-10,75,0.42,1
2023-06-11,89,0.45,0
2023-06-12,68,0.87,1
2023-06-13,108,0.56,0
2023-06-14,72,0.67,1
2023-06-15,86,0.21,0
2023-06-16,60,0.71,1
2023-06-17,105,0.42,0
2023-06-18,79,0.35,1
2023-06-19,92,0.98,0
2023-06-20,67,0.45,1
2023-06-21,108,0.67,0
2023-06-22,73,0.21,1
2023-06-23,85,0.56,0
2023-06-24,64,0.87,1
2023-06-25,107,0.42,0
2023-06-26,74,0.35,1
2023-06-27,90,0.71,0
2023-06-28,65,0.56,1
2023-06-29,104,0.45,0
2023-06-30,72,0.98,1
2023-07-01,89,0.42,0
2023-07-02,66,0.67,1
2023-07-03,107,0.21,0
2023-07-04,74,0.87,1
2023-07-05,85,0.56,0
2023-07-06,63,0.42,1
2023-07-07,104,0.67,0
2023-07-08,75,0.71,1
2023-07-09,88,0.35,0
2023-07-10,62,0.56,1
2023-07-11,108,0.45,0
2023-07-12,70,0.98,1
2023-07-13,91,0.42,0
2023-07-14,65,0.67,1
2023-07-15,107,0.21,0
2023-07-16,73,0.56,1
2023-07-17,86,0.45,0
2023-07-18,60,0.87,1
2023-07-19,105,0.71,0
2023-07-20,79,0.42,1
2023-07-21,92,0.56,0
2023-07-22,67,0.35,1
2023-07-23,108,0.45,0
2023-07-24,72,0.67,1
2023-07-25,85,0.98,0
2023-07-26,64,0.87,1
2023-07-27,107,0.42,0
2023-07-28,74,0.56,1
2023-07-29,90,0.71,0
2023-07-30,65,0.42,1
2023-07-31,102,0.56,0
2023-08-01,76,0.67,1
2023-08-02,89,0.45,0
2023-08-03,62,0.98,1
2023-08-04,104,0.21,0
2023-08-05,70,0.42,1
2023-08-06,91,0.35,0
2023-08-07,65,0.56,1
2023-08-08,108,0.87,0
2023-08-09,74,0.67,1
2023-08-10,85,0.71,0
2023-08-11,63,0.42,1
2023-08-12,102,0.56,0
2023-08-13,77,0.35,1
2023-08-14,89,0.45,0
2023-08-15,66,0.98,1
2023-08-16,105,0.56,0
2023-08-17,73,0.67,1
2023-08-18,86,0.42,0
2023-08-19,60,0.87,1
2023-08-20,108,0.71,0
2023-08-21,72,0.45,1
2023-08-22,90,0.42,0
2023-08-23,65,0.56,1
2023-08-24,103,0.35,0
2023-08-25,78,0.98,1
2023-08-26,91,0.67,0
2023-08-27,64,0.21,1
2023-08-28,107,0.87,0
2023-08-29,73,0.42,1
2023-08-30,88,0.56,0
2023-08-31,62,0.45,1
2023-09-01,104,0.71,0
2023-09-02,75,0.56,1
2023-09-03,91,0.42,0
2023-09-04,66,0.67,1
2023-09-05,108,0.45,0
2023-09-06,72,0.98,1
2023-09-07,85,0.21,0
2023-09-08,60,0.42,1
2023-09-09,102,0.56,0
2023-09-10,74,0.35,1
2023-09-11,89,0.71,0
2023-09-12,67,0.42,1
2023-09-13,107,0.87,0
2023-09-14,75,0.56,1
2023-09-15,86,0.67,0
2023-09-16,63,0.42,1
2023-09-17,108,0.98,0
2023-09-18,70,0.45,1
2023-09-19,92,0.56,0
2023-09-20,65,0.21,1
2023-09-21,105,0.67,0
2023-09-22,78,0.42,1
2023-09-23,91,0.87,0
2023-09-24,64,0.45,1
2023-09-25,103,0.56,0
2023-09-26,77,0.42,1
2023-09-27,90,0.67,0
2023-09-28,63,0.35,1
2023-09-29,108,0.71,0
2023-09-30,74,0.42,1
2023-10-01,65,0.56,0
2023-10-02,109,0.45,1
2023-10-03,72,0.87,0
2023-10-04,87,0.71,1
2023-10-05,65,0.42,0
2023-10-06,100,0.98,1
2023-10-07,74,0.21,0
2023-10-08,94,0.42,1
2023-10-09,60,0.67,0
2023-10-10,107,0.56,1
2023-10-11,71,0.35,0
2023-10-12,89,0.45,1
2023-10-13,64,0.67,0
2023-10-14,102,0.42,1
2023-10-15,79,0.87,0
2023-10-16,85,0.56,1
2023-10-17,61,0.21,0
2023-10-18,108,0.71,1
2023-10-19,73,0.42,0
2023-10-20,91,0.45,1
2023-10-21,68,0.56,0
2023-10-22,105,0.67,1
2023-10-23,76,0.98,0
2023-10-24,90,0.71,1
2023-10-25,64,0.42,0
2023-10-26,108,0.56,1
2023-10-27,74,0.45,0
2023-10-28,93,0.67,1
2023-10-29,67,0.42,0
2023-10-30,106,0.87,1
2023-10-31,72,0.98,0
2023-11-01,88,0.56,1
2023-11-02,65,0.42,0
2023-11-03,104,0.67,1
2023-11-04,79,0.71,0
2023-11-05,92,0.45,1
2023-11-06,60,0.21,0
2023-11-07,110,0.42,1
2023-11-08,74,0.56,0
2023-11-09,95,0.45,1
2023-11-10,64,0.67,0
2023-11-11,108,0.42,1
2023-11-12,70,0.98,0
2023-11-13,87,0.71,1
2023-11-14,63,0.45,0
2023-11-15,103,0.56,1
2023-11-16,78,0.42,0
2023-11-17,91,0.67,1
2023-11-18,65,0.21,0
2023-11-19,106,0.87,1
2023-11-20,72,0.45,0
2023-11-21,89,0.56,1
2023-11-22,61,0.67,0
2023-11-23,110,0.42,1
2023-11-24,75,0.56,0
2023-11-25,92,0.71,1
2023-11-26,67,0.42,0
2023-11-27,106,0.45,1
2023-11-28,74,0.87,0
2023-11-29,91,0.56,1
2023-11-30,60,0.67,0
2023-12-01,108,0.42,1
2023-12-02,73,0.56,0
2023-12-03,88,0.45,1
2023-12-04,65,0.67,0
2023-12-05,106,0.21,1
2023-12-06,70,0.42,0
2023-12-07,94,0.45,1
2023-12-08,72,0.56,0
2023-12-09,107,0.87,1
2023-12-10,75,0.71,0
2023-12-11,92,0.42,1
2023-12-12,61,0.98,0
2023-12-13,108,0.67,1
2023-12-14,74,0.42,0
2023-12-15,89,0.56,1
2023-12-16,66,0.45,0
2023-12-17,110,0.67,1
2023-12-18,78,0.21,0
2023-12-19,95,0.42,1
2023-12-20,63,0.56,0
2023-12-21,102,0.67,1
2023-12-22,74,0.45,0
2023-12-23,90,0.56,1
2023-12-24,67,0.42,0
2023-12-25,108,0.87,1
2023-12-26,72,0.71,0
2023-12-27,85,0.42,1
2023-12-28,66,0.56,0
2023-12-29,104,0.45,1
2023-12-30,76,0.67,0
2023-12-31,89,0.42,1
2024-01-01,45,0.67,0
2024-01-02,78,0.45,1
2024-01-03,120,0.56,0
2024-01-04,	140,0.21,1
2024-01-05,	36,0.87,0
2024-01-06,	40,0.56,1
2024-01-07,	43,0.45,0
2024-01-08,	99,0.42,1
2024-01-09,	125,0.67,0
2024-01-10,	50,0.56,1
2024-01-11,	12,0.42,0
2024-01-12,	114,0.71,1
2024-01-13,	36,0.45,0
2024-01-14,	37,0.56,1
2024-01-15,	123,0.42,0
2024-01-16,	16,0.67,1
2024-01-17,	14,0.45,0
2024-01-18,	61,0.87,1
2024-01-19,	134,0.42,0
2024-01-20,	29,0.56,1
2024-01-21,	58,0.45,0
2024-01-22,	81,0.56,1
2024-01-23,	112,0.67,0
2024-01-24,	104,0.42,1
2024-01-25,	129,0.71,0
2024-01-26,	135,0.45,1
2024-01-27,	107,0.67,0
2024-01-28,	41,0.42,1
2024-01-29,	113,0.56,0
2024-01-30,	71,0.87,1
2024-01-31,	92,0.45,0
2024-02-01,	53,0.67,1
2024-02-02,	34,0.42,0
2024-02-03,	85,0.45,1
2024-02-04,	21,0.56,0
2024-02-05,	73,0.71,1
2024-02-06,	122,0.42,0
2024-02-07,	100,0.87,1
2024-02-08,	72,0.56,0
2024-02-09,	38,0.45,1
2024-02-10,	43,0.42,0
2024-02-11,	134,0.67,1
2024-02-12,	87,0.42,0
2024-02-13,	106,0.56,1
2024-02-14,	52,0.45,0
2024-02-15,	53,0.56,1
2024-02-16,	132,0.42,0
2024-02-17,	20,0.45,1
2024-02-18,	106,0.67,0
2024-02-19,	50,0.42,1
2024-02-20,	126,0.56,0
2024-02-21,	106,0.67,1
2024-02-22,	147,0.45,0
2024-02-23,	55,0.42,1
2024-02-24,	132,0.56,0
2024-02-25,	33,0.67,1
2024-02-26,	119,0.42,0
2024-02-27,	15,0.45,1
2024-02-28,	33,0.56,0
2024-02-29,	62,0.21,1
2024-03-01,	116,0.67,0
2024-03-02,	146,0.45,1
2024-03-03,	96,0.56,0
2024-03-04,	31,0.42,1
2024-03-05,	106,0.87,0
2024-03-06,	23,0.56,1
2024-03-07,	144,0.45,0
2024-03-08,	118,0.42,1
2024-03-09,	24,0.71,0
2024-03-10,	46,0.45,1
2024-03-11,	122,0.42,0
2024-03-12,	51,0.56,1
2024-03-13,	41,0.67,0
2024-03-14,	125,0.42,1
2024-03-15,	68,0.45,0
2024-03-16,	132,0.67,1
2024-03-17,	68,0.56,0
2024-03-18,	105,0.45,1
2024-03-19,	66,0.42,0
2024-03-20,	27,0.87,1
2024-03-21,	111,0.56,0
2024-03-22,	104,0.42,1
2024-03-23,	16,0.45,0
2024-03-24,	133,0.56,1
2024-03-25,	110,0.42,0
2024-03-26,	26,0.45,1
2024-03-27,	41,0.67,0
2024-03-28,	82,0.42,1
2024-03-29,	123,0.71,0
2024-03-30,	66,0.56,1
2024-03-31,	57,0.45,0
2024-04-01,	46,0.42,1
2024-04-02,	138,0.56,0
2024-04-03,	100,0.67,1
2024-04-04,	36,0.45,0
2024-04-05,	102,0.42,1
2024-04-06,	98,0.56,0
2024-04-07,	1,0.45,1
2024-04-08,	101,0.67,0
2024-04-09,	116,0.42,1
2024-04-10,112,0.56,0
2024-04-11,104,0.45,1
2024-04-12,99,0.67,0
2024-04-13,115,0.42,1
2024-04-14,89,0.56,0
2024-04-15,108,0.45,1
2024-04-16,122,0.42,0
2024-04-17,75,0.56,1
2024-04-18,130,0.45,0
2024-04-19,118,0.67,1
2024-04-20,101,0.42,0
2024-04-21,90,0.56,1
2024-04-22,103,0.45,0
2024-04-23,110,0.42,1
2024-04-24,92,0.67,0
2024-04-25,106,0.42,1
2024-04-26,98,0.56,0
2024-04-27,89,0.45,1
2024-04-28,106,0.42,0
2024-04-29,112,0.67,1
2024-04-30,95,0.56,0
2024-05-01,102,0.42,1
2024-05-02,114,0.45,0
2024-05-03,120,0.56,1
2024-05-04,109,0.67,0
2024-05-05,85,0.45,1
2024-05-06,99,0.56,0
2024-05-07,113,0.42,1
2024-05-08,121,0.67,0
2024-05-09,100,0.45,1
2024-05-10,110,0.56,0
2024-05-11,91,0.42,1
2024-05-12,108,0.67,0
2024-05-13,104,0.45,1
2024-05-14,106,0.56,0
2024-05-15,112,0.42,1
2024-05-16,117,0.45,0
2024-05-17,99,0.56,1
2024-05-18,102,0.67,0
2024-05-19,110,0.42,1
2024-05-20,96,0.45,0
2024-05-21,116,0.56,1
2024-05-22,109,0.42,0
2024-05-23,111,0.67,1
2024-05-24,120,0.45,0
2024-05-25,101,0.56,1
2024-05-26,105,0.42,0
2024-05-27,118,0.45,1
2024-05-28,112,0.56,0
2024-05-29,108,0.67,1
2024-05-30,110,0.42,0
2024-05-31,96,0.45,1
2024-06-01,107,0.56,0
2024-06-02,115,0.42,1
2024-06-03,106,0.67,0
2024-06-04,121,0.45,1
2024-06-05,99,0.56,0
2024-06-06,104,0.42,1
2024-06-07,110,0.45,0
2024-06-08,109,0.56,1
2024-06-09,103,0.42,0
2024-06-10,113,0.67,1
2024-06-11,97,0.45,0
2024-06-12,118,0.56,1
2024-06-13,104,0.42,0
2024-06-14,110,0.45,1
2024-06-15,100,0.56,0
2024-06-16,117,0.42,1
2024-06-17,108,0.67,0
2024-06-18,105,0.45,1
2024-06-19,99,0.56,0
2024-06-20,115,0.42,1
2024-06-21,113,0.67,0
2024-06-22,106,0.45,1
2024-06-23,107,0.56,0
2024-06-24,102,0.42,1
2024-06-25,110,0.45,0
2024-06-26,112,0.56,1
2024-06-27,115,0.42,0
2024-06-28,108,0.67,1
2024-06-29,107,0.45,0
2024-06-30,120,0.56,1
2024-07-01,112,0.42,0
2024-07-02,110,0.67,1
2024-07-03,119,0.45,0
2024-07-04,114,0.56,1
2024-07-05,105,0.42,0
2024-07-06,98,0.45,1
2024-07-07,113,0.56,0
2024-07-08,115,0.67,1
2024-07-09,106,0.42,0
2024-07-10,107,0.45,1
2024-07-11,100,0.56,0
2024-07-12,112,0.42,1
2024-07-13,110,0.67,0
2024-07-14,99,0.45,1
2024-07-15,106,0.56,0
2024-07-16,113,0.42,1
2024-07-17,121,0.45,0
2024-07-18,107,0.56,1
2024-07-19,118,0.42,0
2024-07-20,116,0.67,1
2024-07-21,108,0.45,0
2024-07-22,110,0.56,1
2024-07-23,105,0.42,0
2024-07-24,112,0.67,1
2024-07-25,113,0.45,0
2024-07-26,99,0.56,1
2024-07-27,106,0.42,0
2024-07-28,108,0.67,1
2024-07-29,111,0.45,0
2024-07-30,110,0.56,1
2024-07-31,102,0.42,0
2024-08-01,112,0.45,1
2024-08-02,105,0.56,0
2024-08-03,118,0.42,1
2024-08-04,110,0.67,0
2024-08-05,102,0.45,1
2024-08-06,120,0.56,0
2024-08-07,114,0.42,1
2024-08-08,106,0.67,0
2024-08-09,101,0.45,1
2024-08-10,107,0.56,0
2024-08-11,99,0.42,1
2024-08-12,113,0.67,0
2024-08-13,116,0.45,1
2024-08-14,109,0.56,0
2024-08-15,115,0.42,1
2024-08-16,108,0.45,0
2024-08-17,111,0.56,1
2024-08-18,110,0.42,0
2024-08-19,119,0.67,1
2024-08-20,117,0.45,0
2024-08-21,104,0.56,1
2024-08-22,106,0.42,0
2024-08-23,115,0.67,1
2024-08-24,109,0.45,0
2024-08-25,107,0.56,1
2024-08-26,113,0.42,0
2024-08-27,101,0.45,1
2024-08-28,109,0.56,0
2024-08-29,110,0.42,1
2024-08-30,112,0.67,0
2024-08-31,106,0.45,1
2024-09-01,103,0.56,0
2024-09-02,108,0.42,1
2024-09-03,115,0.67,0
2024-09-04,121,0.45,1
2024-09-05,111,0.56,0
2024-09-06,107,0.42,1
2024-09-07,104,0.67,0
2024-09-08,110,0.45,1
2024-09-09,113,0.56,0
2024-09-10,107,0.42,1
2024-09-11,102,0.67,0
2024-09-12,115,0.45,1
2024-09-13,104,0.56,0
2024-09-14,116,0.42,1
2024-09-15,111,0.67,0
2024-09-16,120,0.45,1
2024-09-17,109,0.56,0
2024-09-18,107,0.42,1
2024-09-19,115,0.67,0
2024-09-20,106,0.45,1
2024-09-21,102,0.56,0
2024-09-22,104,0.42,1
2024-09-23,112,0.67,0
2024-09-24,106,0.45,1
2024-09-25,111,0.56,0
2024-09-26,109,0.42,1
2024-09-27,113,0.67,0
2024-09-28,118,0.45,1
2024-09-29,106,0.56,0
2024-09-30,110,0.42,1
2024-10-01,104,0.67,0
2024-10-02,110,0.45,1
2024-10-03,113,0.56,0
2024-10-04,106,0.42,1
2024-10-05,112,0.67,0
2024-10-06,115,0.45,1
2024-10-07,108,0.56,0
2024-10-08,109,0.42,1
2024-10-09,104,0.67,0
2024-10-10,107,0.45,1
2024-10-11,113,0.56,0
2024-10-12,115,0.42,1
2024-10-13,106,0.67,0
2024-10-14,110,0.45,1
2024-10-15,108,0.56,0
2024-10-16,112,0.42,1
2024-10-17,106,0.67,0
2024-10-18,110,0.45,1
2024-10-19,107,0.56,0
2024-10-20,109,0.42,1
2024-10-21,116,0.67,0
2024-10-22,113,0.45,1
2024-10-23,108,0.56,0
2024-10-24,115,0.42,1
2024-10-25,104,0.67,0
2024-10-26,106,0.45,1
2024-10-27,109,0.56,0
2024-10-28,113,0.42,1
2024-10-29,116,0.67,0
2024-10-30,107,0.45,1
2024-10-31,110,0.56,0
